,Instance,HFactor,BFactor,FFactor,EFactor,fperiod,ADI,ADI_ue,ADIoe,F1,norm,MSE,area_c2f,SSIM,area_ref,time
0,0,0.5,0.0,2.0,2.0,0.0,10209.0,10209.0,0.0,0.4658420732954035,101.03959619871806,0.12823604778234163,1,0.8492667822668971,10210,1.2607543468475342
1,1,0.5,0.0,2.0,2.0,0.5,9.455958549222798,6.557364914877868,2.89859363434493,0.5428544904139903,113.02654555457315,0.1604677745537677,5267,0.8013923664302594,10210,3.475834846496582
2,2,0.5,0.0,2.0,2.0,1.0,9.512378094523632,6.659414853713429,2.8529632408102024,0.5427973029340538,112.60550608207397,0.15927447212068685,5136,0.8028538594862609,10210,2.4804790019989014
3,3,0.5,0.0,2.0,2.0,1.5,9.611827141774071,6.740712661106899,2.8711144806671722,0.5420695032210621,112.59662517144997,0.15924934996420093,5106,0.8028005146290909,10210,1.860008955001831
4,4,0.5,0.0,2.0,2.5,0.0,10209.0,10209.0,0.0,0.4658420732954035,101.03959619871806,0.12823604778234163,1,0.8492667822668971,10210,1.0668489933013916
5,5,0.5,0.0,2.0,2.5,0.5,8.46469104665826,5.437578814627995,3.027112232030265,0.548495459486913,115.86630226256467,0.16863247541168935,6387,0.7901477065540055,10210,3.8050358295440674
6,6,0.5,0.0,2.0,2.5,1.0,8.680546519193234,5.64281067013663,3.0377358490566038,0.5469144441283078,115.50757550914139,0.16758990591752396,6206,0.7915851129609611,10210,2.146182060241699
7,7,0.5,0.0,2.0,2.5,1.5,8.680473372781066,5.712689020381328,2.967784352399737,0.5474570469724931,114.90430801323335,0.16584391604175303,6035,0.7937356996659347,10210,1.775357961654663
8,8,0.5,0.0,2.5,2.0,0.0,10209.0,10209.0,0.0,0.4658420732954035,101.03959619871806,0.12823604778234163,1,0.8492667822668971,10210,0.8581409454345703
9,9,0.5,0.0,2.5,2.0,0.5,7.775462962962963,4.908564814814815,2.8668981481481484,0.555096776677334,115.91376104673681,0.16877064727236185,6682,0.7889346996754026,10210,3.5315182209014893
10,10,0.5,0.0,2.5,2.0,1.0,8.14580801944107,5.202916160388821,2.942891859052248,0.5515245222777667,115.79291860904102,0.16841893708155908,6490,0.790291030893692,10210,2.6503310203552246
11,11,0.5,0.0,2.5,2.0,1.5,8.295835922933499,5.3455562461156,2.950279676817899,0.5503427732440684,115.53354491228943,0.1676652723869817,6356,0.7915786435604134,10210,1.8234870433807373
12,12,0.5,0.0,2.5,2.5,0.0,10209.0,10209.0,0.0,0.4658420732954035,101.03959619871806,0.12823604778234163,1,0.8492667822668971,10210,0.875706672668457
13,13,0.5,0.0,2.5,2.5,0.5,6.246428571428571,3.5580357142857144,2.688392857142857,0.5715594657402842,118.28778466096996,0.1757546067754456,8262,0.7758938789549664,10210,4.163955926895142
14,14,0.5,0.0,2.5,2.5,1.0,6.418097447795824,3.737819025522042,2.680278422273782,0.5697737472894494,117.60527199067225,0.17373227317832962,7931,0.7797557063350032,10210,2.381606101989746
15,15,0.5,0.0,2.5,2.5,1.5,6.445018796992481,3.797932330827068,2.6470864661654137,0.5698646698587717,117.11105840184351,0.17227518810214668,7761,0.7816554951359688,10210,1.8806240558624268
16,16,0.5,0.5,2.0,2.0,0.0,10209.0,10209.0,0.0,0.4658420732954035,101.03959619871806,0.12823604778234163,1,0.8492667822668971,10210,0.8684639930725098
17,17,0.5,0.5,2.0,2.0,0.5,9.455958549222798,6.557364914877868,2.89859363434493,0.5428544904139903,113.02654555457315,0.1604677745537677,5267,0.8013923664302594,10210,3.2775259017944336
18,18,0.5,0.5,2.0,2.0,1.0,9.512378094523632,6.659414853713429,2.8529632408102024,0.5427973029340538,112.60550608207397,0.15927447212068685,5136,0.8028538594862609,10210,1.9850921630859375
19,19,0.5,0.5,2.0,2.0,1.5,9.611827141774071,6.740712661106899,2.8711144806671722,0.5420695032210621,112.59662517144997,0.15924934996420093,5106,0.8028005146290909,10210,1.5857579708099365
20,20,0.5,0.5,2.0,2.5,0.0,10209.0,10209.0,0.0,0.4658420732954035,101.03959619871806,0.12823604778234163,1,0.8492667822668971,10210,0.9013261795043945
21,21,0.5,0.5,2.0,2.5,0.5,8.46469104665826,5.437578814627995,3.027112232030265,0.548495459486913,115.86630226256467,0.16863247541168935,6387,0.7901477065540055,10210,3.594555139541626
22,22,0.5,0.5,2.0,2.5,1.0,8.680546519193234,5.64281067013663,3.0377358490566038,0.5469144441283078,115.50757550914139,0.16758990591752396,6206,0.7915851129609611,10210,2.517106771469116
23,23,0.5,0.5,2.0,2.5,1.5,8.680473372781066,5.712689020381328,2.967784352399737,0.5474570469724931,114.90430801323335,0.16584391604175303,6035,0.7937356996659347,10210,1.7503080368041992
24,24,0.5,0.5,2.5,2.0,0.0,10209.0,10209.0,0.0,0.4658420732954035,101.03959619871806,0.12823604778234163,1,0.8492667822668971,10210,0.8650729656219482
25,25,0.5,0.5,2.5,2.0,0.5,7.775462962962963,4.908564814814815,2.8668981481481484,0.555096776677334,115.91376104673681,0.16877064727236185,6682,0.7889346996754026,10210,3.4911110401153564
26,26,0.5,0.5,2.5,2.0,1.0,8.14580801944107,5.202916160388821,2.942891859052248,0.5515245222777667,115.79291860904102,0.16841893708155908,6490,0.790291030893692,10210,2.190035104751587
27,27,0.5,0.5,2.5,2.0,1.5,8.295835922933499,5.3455562461156,2.950279676817899,0.5503427732440684,115.53354491228943,0.1676652723869817,6356,0.7915786435604134,10210,2.3414011001586914
28,28,0.5,0.5,2.5,2.5,0.0,10209.0,10209.0,0.0,0.4658420732954035,101.03959619871806,0.12823604778234163,1,0.8492667822668971,10210,1.1072349548339844
29,29,0.5,0.5,2.5,2.5,0.5,6.246428571428571,3.5580357142857144,2.688392857142857,0.5715594657402842,118.28778466096996,0.1757546067754456,8262,0.7758938789549664,10210,4.578859090805054
30,30,0.5,0.5,2.5,2.5,1.0,6.418097447795824,3.737819025522042,2.680278422273782,0.5697737472894494,117.60527199067225,0.17373227317832962,7931,0.7797557063350032,10210,2.5529391765594482
31,31,0.5,0.5,2.5,2.5,1.5,6.445018796992481,3.797932330827068,2.6470864661654137,0.5698646698587717,117.11105840184351,0.17227518810214668,7761,0.7816554951359688,10210,2.241359233856201
32,32,0.5,1.0,2.0,2.0,0.0,10209.0,10209.0,0.0,0.4658420732954035,101.03959619871806,0.12823604778234163,1,0.8492667822668971,10210,0.9992630481719971
33,33,0.5,1.0,2.0,2.0,0.5,9.455958549222798,6.557364914877868,2.89859363434493,0.5428544904139903,113.02654555457315,0.1604677745537677,5267,0.8013923664302594,10210,3.1300618648529053
34,34,0.5,1.0,2.0,2.0,1.0,9.512378094523632,6.659414853713429,2.8529632408102024,0.5427973029340538,112.60550608207397,0.15927447212068685,5136,0.8028538594862609,10210,1.9712159633636475
35,35,0.5,1.0,2.0,2.0,1.5,9.611827141774071,6.740712661106899,2.8711144806671722,0.5420695032210621,112.59662517144997,0.15924934996420093,5106,0.8028005146290909,10210,1.8001718521118164
36,36,0.5,1.0,2.0,2.5,0.0,10209.0,10209.0,0.0,0.4658420732954035,101.03959619871806,0.12823604778234163,1,0.8492667822668971,10210,0.8882009983062744
37,37,0.5,1.0,2.0,2.5,0.5,8.46469104665826,5.437578814627995,3.027112232030265,0.548495459486913,115.86630226256467,0.16863247541168935,6387,0.7901477065540055,10210,4.6521031856536865
38,38,0.5,1.0,2.0,2.5,1.0,8.680546519193234,5.64281067013663,3.0377358490566038,0.5469144441283078,115.50757550914139,0.16758990591752396,6206,0.7915851129609611,10210,2.184465169906616
39,39,0.5,1.0,2.0,2.5,1.5,8.680473372781066,5.712689020381328,2.967784352399737,0.5474570469724931,114.90430801323335,0.16584391604175303,6035,0.7937356996659347,10210,1.8978328704833984
40,40,0.5,1.0,2.5,2.0,0.0,10209.0,10209.0,0.0,0.4658420732954035,101.03959619871806,0.12823604778234163,1,0.8492667822668971,10210,1.482187032699585
41,41,0.5,1.0,2.5,2.0,0.5,7.775462962962963,4.908564814814815,2.8668981481481484,0.555096776677334,115.91376104673681,0.16877064727236185,6682,0.7889346996754026,10210,3.483062982559204
42,42,0.5,1.0,2.5,2.0,1.0,8.14580801944107,5.202916160388821,2.942891859052248,0.5515245222777667,115.79291860904102,0.16841893708155908,6490,0.790291030893692,10210,2.390995979309082
43,43,0.5,1.0,2.5,2.0,1.5,8.295835922933499,5.3455562461156,2.950279676817899,0.5503427732440684,115.53354491228943,0.1676652723869817,6356,0.7915786435604134,10210,2.3481028079986572
44,44,0.5,1.0,2.5,2.5,0.0,10209.0,10209.0,0.0,0.4658420732954035,101.03959619871806,0.12823604778234163,1,0.8492667822668971,10210,0.8585691452026367
45,45,0.5,1.0,2.5,2.5,0.5,6.246428571428571,3.5580357142857144,2.688392857142857,0.5715594657402842,118.28778466096996,0.1757546067754456,8262,0.7758938789549664,10210,4.355938196182251
46,46,0.5,1.0,2.5,2.5,1.0,6.418097447795824,3.737819025522042,2.680278422273782,0.5697737472894494,117.60527199067225,0.17373227317832962,7931,0.7797557063350032,10210,2.9747698307037354
47,47,0.5,1.0,2.5,2.5,1.5,6.445018796992481,3.797932330827068,2.6470864661654137,0.5698646698587717,117.11105840184351,0.17227518810214668,7761,0.7816554951359688,10210,2.1301162242889404
48,48,0.5,1.5,2.0,2.0,0.0,10209.0,10209.0,0.0,0.4658420732954035,101.03959619871806,0.12823604778234163,1,0.8492667822668971,10210,0.8592171669006348
49,49,0.5,1.5,2.0,2.0,0.5,9.455958549222798,6.557364914877868,2.89859363434493,0.5428544904139903,113.02654555457315,0.1604677745537677,5267,0.8013923664302594,10210,3.4216179847717285
50,50,0.5,1.5,2.0,2.0,1.0,9.512378094523632,6.659414853713429,2.8529632408102024,0.5427973029340538,112.60550608207397,0.15927447212068685,5136,0.8028538594862609,10210,1.9625279903411865
51,51,0.5,1.5,2.0,2.0,1.5,9.611827141774071,6.740712661106899,2.8711144806671722,0.5420695032210621,112.59662517144997,0.15924934996420093,5106,0.8028005146290909,10210,1.576690912246704
52,52,0.5,1.5,2.0,2.5,0.0,10209.0,10209.0,0.0,0.4658420732954035,101.03959619871806,0.12823604778234163,1,0.8492667822668971,10210,0.8559648990631104
53,53,0.5,1.5,2.0,2.5,0.5,8.46469104665826,5.437578814627995,3.027112232030265,0.548495459486913,115.86630226256467,0.16863247541168935,6387,0.7901477065540055,10210,3.5536859035491943
54,54,0.5,1.5,2.0,2.5,1.0,8.680546519193234,5.64281067013663,3.0377358490566038,0.5469144441283078,115.50757550914139,0.16758990591752396,6206,0.7915851129609611,10210,2.506096839904785
55,55,0.5,1.5,2.0,2.5,1.5,8.680473372781066,5.712689020381328,2.967784352399737,0.5474570469724931,114.90430801323335,0.16584391604175303,6035,0.7937356996659347,10210,1.7340569496154785
56,56,0.5,1.5,2.5,2.0,0.0,10209.0,10209.0,0.0,0.4658420732954035,101.03959619871806,0.12823604778234163,1,0.8492667822668971,10210,0.8602609634399414
57,57,0.5,1.5,2.5,2.0,0.5,7.775462962962963,4.908564814814815,2.8668981481481484,0.555096776677334,115.91376104673681,0.16877064727236185,6682,0.7889346996754026,10210,3.3380558490753174
58,58,0.5,1.5,2.5,2.0,1.0,8.14580801944107,5.202916160388821,2.942891859052248,0.5515245222777667,115.79291860904102,0.16841893708155908,6490,0.790291030893692,10210,2.0878922939300537
59,59,0.5,1.5,2.5,2.0,1.5,8.295835922933499,5.3455562461156,2.950279676817899,0.5503427732440684,115.53354491228943,0.1676652723869817,6356,0.7915786435604134,10210,1.9061341285705566
60,60,0.5,1.5,2.5,2.5,0.0,10209.0,10209.0,0.0,0.4658420732954035,101.03959619871806,0.12823604778234163,1,0.8492667822668971,10210,0.8664240837097168
61,61,0.5,1.5,2.5,2.5,0.5,6.246428571428571,3.5580357142857144,2.688392857142857,0.5715594657402842,118.28778466096996,0.1757546067754456,8262,0.7758938789549664,10210,3.828394889831543
62,62,0.5,1.5,2.5,2.5,1.0,6.418097447795824,3.737819025522042,2.680278422273782,0.5697737472894494,117.60527199067225,0.17373227317832962,7931,0.7797557063350032,10210,2.53180193901062
63,63,0.5,1.5,2.5,2.5,1.5,6.445018796992481,3.797932330827068,2.6470864661654137,0.5698646698587717,117.11105840184351,0.17227518810214668,7761,0.7816554951359688,10210,2.5417301654815674
64,64,0.5,2.0,2.0,2.0,0.0,10209.0,10209.0,0.0,0.4658420732954035,101.03959619871806,0.12823604778234163,1,0.8492667822668971,10210,1.3609960079193115
65,65,0.5,2.0,2.0,2.0,0.5,9.455958549222798,6.557364914877868,2.89859363434493,0.5428544904139903,113.02654555457315,0.1604677745537677,5267,0.8013923664302594,10210,3.0360848903656006
66,66,0.5,2.0,2.0,2.0,1.0,9.512378094523632,6.659414853713429,2.8529632408102024,0.5427973029340538,112.60550608207397,0.15927447212068685,5136,0.8028538594862609,10210,2.064706802368164
67,67,0.5,2.0,2.0,2.0,1.5,9.611827141774071,6.740712661106899,2.8711144806671722,0.5420695032210621,112.59662517144997,0.15924934996420093,5106,0.8028005146290909,10210,2.183382987976074
68,68,0.5,2.0,2.0,2.5,0.0,10209.0,10209.0,0.0,0.4658420732954035,101.03959619871806,0.12823604778234163,1,0.8492667822668971,10210,0.8722119331359863
69,69,0.5,2.0,2.0,2.5,0.5,8.46469104665826,5.437578814627995,3.027112232030265,0.548495459486913,115.86630226256467,0.16863247541168935,6387,0.7901477065540055,10210,3.515177011489868
70,70,0.5,2.0,2.0,2.5,1.0,8.680546519193234,5.64281067013663,3.0377358490566038,0.5469144441283078,115.50757550914139,0.16758990591752396,6206,0.7915851129609611,10210,2.1977181434631348
71,71,0.5,2.0,2.0,2.5,1.5,8.680473372781066,5.712689020381328,2.967784352399737,0.5474570469724931,114.90430801323335,0.16584391604175303,6035,0.7937356996659347,10210,1.8177199363708496
72,72,0.5,2.0,2.5,2.0,0.0,10209.0,10209.0,0.0,0.4658420732954035,101.03959619871806,0.12823604778234163,1,0.8492667822668971,10210,0.8666532039642334
73,73,0.5,2.0,2.5,2.0,0.5,7.775462962962963,4.908564814814815,2.8668981481481484,0.555096776677334,115.91376104673681,0.16877064727236185,6682,0.7889346996754026,10210,3.437016725540161
74,74,0.5,2.0,2.5,2.0,1.0,8.14580801944107,5.202916160388821,2.942891859052248,0.5515245222777667,115.79291860904102,0.16841893708155908,6490,0.790291030893692,10210,2.602705955505371
75,75,0.5,2.0,2.5,2.0,1.5,8.295835922933499,5.3455562461156,2.950279676817899,0.5503427732440684,115.53354491228943,0.1676652723869817,6356,0.7915786435604134,10210,1.6782550811767578
76,76,0.5,2.0,2.5,2.5,0.0,10209.0,10209.0,0.0,0.4658420732954035,101.03959619871806,0.12823604778234163,1,0.8492667822668971,10210,0.8690831661224365
77,77,0.5,2.0,2.5,2.5,0.5,6.246428571428571,3.5580357142857144,2.688392857142857,0.5715594657402842,118.28778466096996,0.1757546067754456,8262,0.7758938789549664,10210,4.02579402923584
78,78,0.5,2.0,2.5,2.5,1.0,6.418097447795824,3.737819025522042,2.680278422273782,0.5697737472894494,117.60527199067225,0.17373227317832962,7931,0.7797557063350032,10210,2.4762518405914307
79,79,0.5,2.0,2.5,2.5,1.5,6.445018796992481,3.797932330827068,2.6470864661654137,0.5698646698587717,117.11105840184351,0.17227518810214668,7761,0.7816554951359688,10210,1.9229769706726074
80,80,0.5,2.5,2.0,2.0,0.0,10209.0,10209.0,0.0,0.4658420732954035,101.03959619871806,0.12823604778234163,1,0.8492667822668971,10210,0.8617851734161377
81,81,0.5,2.5,2.0,2.0,0.5,9.455958549222798,6.557364914877868,2.89859363434493,0.5428544904139903,113.02654555457315,0.1604677745537677,5267,0.8013923664302594,10210,3.226867914199829
82,82,0.5,2.5,2.0,2.0,1.0,9.512378094523632,6.659414853713429,2.8529632408102024,0.5427973029340538,112.60550608207397,0.15927447212068685,5136,0.8028538594862609,10210,1.9297878742218018
83,83,0.5,2.5,2.0,2.0,1.5,9.611827141774071,6.740712661106899,2.8711144806671722,0.5420695032210621,112.59662517144997,0.15924934996420093,5106,0.8028005146290909,10210,1.6469461917877197
84,84,0.5,2.5,2.0,2.5,0.0,10209.0,10209.0,0.0,0.4658420732954035,101.03959619871806,0.12823604778234163,1,0.8492667822668971,10210,0.9187262058258057
85,85,0.5,2.5,2.0,2.5,0.5,8.46469104665826,5.437578814627995,3.027112232030265,0.548495459486913,115.86630226256467,0.16863247541168935,6387,0.7901477065540055,10210,3.4880411624908447
86,86,0.5,2.5,2.0,2.5,1.0,8.680546519193234,5.64281067013663,3.0377358490566038,0.5469144441283078,115.50757550914139,0.16758990591752396,6206,0.7915851129609611,10210,2.1690189838409424
87,87,0.5,2.5,2.0,2.5,1.5,8.680473372781066,5.712689020381328,2.967784352399737,0.5474570469724931,114.90430801323335,0.16584391604175303,6035,0.7937356996659347,10210,1.6978840827941895
88,88,0.5,2.5,2.5,2.0,0.0,10209.0,10209.0,0.0,0.4658420732954035,101.03959619871806,0.12823604778234163,1,0.8492667822668971,10210,0.9320700168609619
89,89,0.5,2.5,2.5,2.0,0.5,7.775462962962963,4.908564814814815,2.8668981481481484,0.555096776677334,115.91376104673681,0.16877064727236185,6682,0.7889346996754026,10210,4.027342081069946
90,90,0.5,2.5,2.5,2.0,1.0,8.14580801944107,5.202916160388821,2.942891859052248,0.5515245222777667,115.79291860904102,0.16841893708155908,6490,0.790291030893692,10210,2.8264670372009277
91,91,0.5,2.5,2.5,2.0,1.5,8.295835922933499,5.3455562461156,2.950279676817899,0.5503427732440684,115.53354491228943,0.1676652723869817,6356,0.7915786435604134,10210,1.860234022140503
92,92,0.5,2.5,2.5,2.5,0.0,10209.0,10209.0,0.0,0.4658420732954035,101.03959619871806,0.12823604778234163,1,0.8492667822668971,10210,0.8820202350616455
93,93,0.5,2.5,2.5,2.5,0.5,6.246428571428571,3.5580357142857144,2.688392857142857,0.5715594657402842,118.28778466096996,0.1757546067754456,8262,0.7758938789549664,10210,4.60489296913147
94,94,0.5,2.5,2.5,2.5,1.0,6.418097447795824,3.737819025522042,2.680278422273782,0.5697737472894494,117.60527199067225,0.17373227317832962,7931,0.7797557063350032,10210,2.3823630809783936
95,95,0.5,2.5,2.5,2.5,1.5,6.445018796992481,3.797932330827068,2.6470864661654137,0.5698646698587717,117.11105840184351,0.17227518810214668,7761,0.7816554951359688,10210,1.9655020236968994
96,96,0.6,0.0,2.0,2.0,0.0,10209.0,10209.0,0.0,0.4658420732954035,101.03959619871806,0.12823604778234163,1,0.8492667822668971,10210,0.8756790161132812
97,97,0.6,0.0,2.0,2.0,0.5,9.692667706708269,6.96411856474259,2.7285491419656784,0.5424472500405265,111.47196957082978,0.1560839582469759,4780,0.806857938059825,10210,3.0455119609832764
98,98,0.6,0.0,2.0,2.0,1.0,9.687793427230046,6.989045383411581,2.6987480438184663,0.5426546814220308,111.26994203287786,0.15551870972604287,4727,0.8075866682958759,10210,1.936279058456421
99,99,0.6,0.0,2.0,2.0,1.5,9.73259493670886,7.0775316455696204,2.6550632911392404,0.5426333235662102,110.91438139393827,0.15452638454484932,4620,0.8090030199706127,10210,1.5444653034210205
100,100,0.6,0.0,2.0,2.5,0.0,10209.0,10209.0,0.0,0.4658420732954035,101.03959619871806,0.12823604778234163,1,0.8492667822668971,10210,0.8725080490112305
101,101,0.6,0.0,2.0,2.5,0.5,9.179397337070778,6.154870357393133,3.0245269796776455,0.5437355556322522,114.45086281894078,0.16453756390448557,5743,0.7955134253849028,10210,3.610320806503296
102,102,0.6,0.0,2.0,2.5,1.0,9.155196629213483,6.169943820224719,2.985252808988764,0.5441675749213162,114.17968295629481,0.16375877705342226,5675,0.796693500149414,10210,2.1588878631591797
103,103,0.6,0.0,2.0,2.5,1.5,9.143665958952583,6.2257607926397736,2.9179051663128095,0.5447121241744816,113.66617790706258,0.16228913089899638,5536,0.7986217289242044,10210,1.7285151481628418
104,104,0.6,0.0,2.5,2.0,0.0,10209.0,10209.0,0.0,0.4658420732954035,101.03959619871806,0.12823604778234163,1,0.8492667822668971,10210,1.073566198348999
105,105,0.6,0.0,2.5,2.0,0.5,8.03456495828367,5.084624553039332,2.9499404052443383,0.5523117383636702,116.11201488218177,0.16934845687153785,6628,0.7886540514398264,10210,3.7961530685424805
106,106,0.6,0.0,2.5,2.0,1.0,8.296846011131725,5.314162028447742,2.982683982683983,0.5500672054935164,115.82745788456207,0.16851942570750272,6440,0.790018637792615,10210,2.1556050777435303
107,107,0.6,0.0,2.5,2.0,1.5,8.406822488945041,5.449778900821226,2.9570435881238155,0.5494771969606559,115.3603051313579,0.16716282925726345,6264,0.7919054208395948,10210,1.717634916305542
108,108,0.6,0.0,2.5,2.5,0.0,10209.0,10209.0,0.0,0.4658420732954035,101.03959619871806,0.12823604778234163,1,0.8492667822668971,10210,0.8560428619384766
109,109,0.6,0.0,2.5,2.5,0.5,6.434743065029559,3.643019554342883,2.791723510686676,0.5682636702568269,118.95377253370319,0.1777392571378327,8338,0.7727505313380175,10210,4.145874977111816
110,110,0.6,0.0,2.5,2.5,1.0,6.509082440614812,3.7554727526781555,2.7536096879366556,0.5679482224725869,118.21590417536889,0.17554106844531533,8059,0.7764296889530703,10210,2.4931068420410156
111,111,0.6,0.0,2.5,2.5,1.5,6.705711519845111,3.941916747337851,2.7637947725072602,0.5658215497518773,117.7030161040914,0.17402117797791763,7776,0.7788325351349186,10210,1.9490156173706055
112,112,0.6,0.5,2.0,2.0,0.0,10209.0,10209.0,0.0,0.4658420732954035,101.03959619871806,0.12823604778234163,1,0.8492667822668971,10210,0.8677530288696289
113,113,0.6,0.5,2.0,2.0,0.5,9.692667706708269,6.96411856474259,2.7285491419656784,0.5424472500405265,111.47196957082978,0.1560839582469759,4780,0.806857938059825,10210,2.906942844390869
114,114,0.6,0.5,2.0,2.0,1.0,9.687793427230046,6.989045383411581,2.6987480438184663,0.5426546814220308,111.26994203287786,0.15551870972604287,4727,0.8075866682958759,10210,1.9944491386413574
115,115,0.6,0.5,2.0,2.0,1.5,9.73259493670886,7.0775316455696204,2.6550632911392404,0.5426333235662102,110.91438139393827,0.15452638454484932,4620,0.8090030199706127,10210,1.5902190208435059
116,116,0.6,0.5,2.0,2.5,0.0,10209.0,10209.0,0.0,0.4658420732954035,101.03959619871806,0.12823604778234163,1,0.8492667822668971,10210,1.0080158710479736
117,117,0.6,0.5,2.0,2.5,0.5,9.179397337070778,6.154870357393133,3.0245269796776455,0.5437355556322522,114.45086281894078,0.16453756390448557,5743,0.7955134253849028,10210,4.852034091949463
118,118,0.6,0.5,2.0,2.5,1.0,9.155196629213483,6.169943820224719,2.985252808988764,0.5441675749213162,114.17968295629481,0.16375877705342226,5675,0.796693500149414,10210,2.7768619060516357
119,119,0.6,0.5,2.0,2.5,1.5,9.143665958952583,6.2257607926397736,2.9179051663128095,0.5447121241744816,113.66617790706258,0.16228913089899638,5536,0.7986217289242044,10210,2.600801706314087
120,120,0.6,0.5,2.5,2.0,0.0,10209.0,10209.0,0.0,0.4658420732954035,101.03959619871806,0.12823604778234163,1,0.8492667822668971,10210,1.0713169574737549
121,121,0.6,0.5,2.5,2.0,0.5,8.03456495828367,5.084624553039332,2.9499404052443383,0.5523117383636702,116.11201488218177,0.16934845687153785,6628,0.7886540514398264,10210,3.9587759971618652
122,122,0.6,0.5,2.5,2.0,1.0,8.296846011131725,5.314162028447742,2.982683982683983,0.5500672054935164,115.82745788456207,0.16851942570750272,6440,0.790018637792615,10210,2.766037940979004
123,123,0.6,0.5,2.5,2.0,1.5,8.406822488945041,5.449778900821226,2.9570435881238155,0.5494771969606559,115.3603051313579,0.16716282925726345,6264,0.7919054208395948,10210,2.4040281772613525
124,124,0.6,0.5,2.5,2.5,0.0,10209.0,10209.0,0.0,0.4658420732954035,101.03959619871806,0.12823604778234163,1,0.8492667822668971,10210,1.253406286239624
125,125,0.6,0.5,2.5,2.5,0.5,6.434743065029559,3.643019554342883,2.791723510686676,0.5682636702568269,118.95377253370319,0.1777392571378327,8338,0.7727505313380175,10210,5.162303924560547
126,126,0.6,0.5,2.5,2.5,1.0,6.509082440614812,3.7554727526781555,2.7536096879366556,0.5679482224725869,118.21590417536889,0.17554106844531533,8059,0.7764296889530703,10210,3.1654818058013916
127,127,0.6,0.5,2.5,2.5,1.5,6.705711519845111,3.941916747337851,2.7637947725072602,0.5658215497518773,117.7030161040914,0.17402117797791763,7776,0.7788325351349186,10210,1.9773590564727783
128,128,0.6,1.0,2.0,2.0,0.0,10209.0,10209.0,0.0,0.4658420732954035,101.03959619871806,0.12823604778234163,1,0.8492667822668971,10210,0.8523290157318115
129,129,0.6,1.0,2.0,2.0,0.5,9.692667706708269,6.96411856474259,2.7285491419656784,0.5424472500405265,111.47196957082978,0.1560839582469759,4780,0.806857938059825,10210,3.012615919113159
130,130,0.6,1.0,2.0,2.0,1.0,9.687793427230046,6.989045383411581,2.6987480438184663,0.5426546814220308,111.26994203287786,0.15551870972604287,4727,0.8075866682958759,10210,1.9172141551971436
131,131,0.6,1.0,2.0,2.0,1.5,9.73259493670886,7.0775316455696204,2.6550632911392404,0.5426333235662102,110.91438139393827,0.15452638454484932,4620,0.8090030199706127,10210,2.3440542221069336
132,132,0.6,1.0,2.0,2.5,0.0,10209.0,10209.0,0.0,0.4658420732954035,101.03959619871806,0.12823604778234163,1,0.8492667822668971,10210,1.0499908924102783
133,133,0.6,1.0,2.0,2.5,0.5,9.179397337070778,6.154870357393133,3.0245269796776455,0.5437355556322522,114.45086281894078,0.16453756390448557,5743,0.7955134253849028,10210,4.218979120254517
134,134,0.6,1.0,2.0,2.5,1.0,9.155196629213483,6.169943820224719,2.985252808988764,0.5441675749213162,114.17968295629481,0.16375877705342226,5675,0.796693500149414,10210,2.9428489208221436
135,135,0.6,1.0,2.0,2.5,1.5,9.143665958952583,6.2257607926397736,2.9179051663128095,0.5447121241744816,113.66617790706258,0.16228913089899638,5536,0.7986217289242044,10210,1.8802988529205322
136,136,0.6,1.0,2.5,2.0,0.0,10209.0,10209.0,0.0,0.4658420732954035,101.03959619871806,0.12823604778234163,1,0.8492667822668971,10210,1.036257028579712
137,137,0.6,1.0,2.5,2.0,0.5,8.03456495828367,5.084624553039332,2.9499404052443383,0.5523117383636702,116.11201488218177,0.16934845687153785,6628,0.7886540514398264,10210,4.905999183654785
138,138,0.6,1.0,2.5,2.0,1.0,8.296846011131725,5.314162028447742,2.982683982683983,0.5500672054935164,115.82745788456207,0.16851942570750272,6440,0.790018637792615,10210,3.1443779468536377
139,139,0.6,1.0,2.5,2.0,1.5,8.406822488945041,5.449778900821226,2.9570435881238155,0.5494771969606559,115.3603051313579,0.16716282925726345,6264,0.7919054208395948,10210,1.7757928371429443
140,140,0.6,1.0,2.5,2.5,0.0,10209.0,10209.0,0.0,0.4658420732954035,101.03959619871806,0.12823604778234163,1,0.8492667822668971,10210,0.8623569011688232
141,141,0.6,1.0,2.5,2.5,0.5,6.434743065029559,3.643019554342883,2.791723510686676,0.5682636702568269,118.95377253370319,0.1777392571378327,8338,0.7727505313380175,10210,4.4489991664886475
142,142,0.6,1.0,2.5,2.5,1.0,6.509082440614812,3.7554727526781555,2.7536096879366556,0.5679482224725869,118.21590417536889,0.17554106844531533,8059,0.7764296889530703,10210,2.5942211151123047
143,143,0.6,1.0,2.5,2.5,1.5,6.705711519845111,3.941916747337851,2.7637947725072602,0.5658215497518773,117.7030161040914,0.17402117797791763,7776,0.7788325351349186,10210,1.985403060913086
144,144,0.6,1.5,2.0,2.0,0.0,10209.0,10209.0,0.0,0.4658420732954035,101.03959619871806,0.12823604778234163,1,0.8492667822668971,10210,0.8467411994934082
145,145,0.6,1.5,2.0,2.0,0.5,9.692667706708269,6.96411856474259,2.7285491419656784,0.5424472500405265,111.47196957082978,0.1560839582469759,4780,0.806857938059825,10210,3.0429909229278564
146,146,0.6,1.5,2.0,2.0,1.0,9.687793427230046,6.989045383411581,2.6987480438184663,0.5426546814220308,111.26994203287786,0.15551870972604287,4727,0.8075866682958759,10210,1.982050895690918
147,147,0.6,1.5,2.0,2.0,1.5,9.73259493670886,7.0775316455696204,2.6550632911392404,0.5426333235662102,110.91438139393827,0.15452638454484932,4620,0.8090030199706127,10210,1.5521540641784668
148,148,0.6,1.5,2.0,2.5,0.0,10209.0,10209.0,0.0,0.4658420732954035,101.03959619871806,0.12823604778234163,1,0.8492667822668971,10210,0.8725101947784424
149,149,0.6,1.5,2.0,2.5,0.5,9.179397337070778,6.154870357393133,3.0245269796776455,0.5437355556322522,114.45086281894078,0.16453756390448557,5743,0.7955134253849028,10210,3.520784854888916
150,150,0.6,1.5,2.0,2.5,1.0,9.155196629213483,6.169943820224719,2.985252808988764,0.5441675749213162,114.17968295629481,0.16375877705342226,5675,0.796693500149414,10210,2.2664949893951416
151,151,0.6,1.5,2.0,2.5,1.5,9.143665958952583,6.2257607926397736,2.9179051663128095,0.5447121241744816,113.66617790706258,0.16228913089899638,5536,0.7986217289242044,10210,1.7170979976654053
152,152,0.6,1.5,2.5,2.0,0.0,10209.0,10209.0,0.0,0.4658420732954035,101.03959619871806,0.12823604778234163,1,0.8492667822668971,10210,0.8938901424407959
153,153,0.6,1.5,2.5,2.0,0.5,8.03456495828367,5.084624553039332,2.9499404052443383,0.5523117383636702,116.11201488218177,0.16934845687153785,6628,0.7886540514398264,10210,5.0778679847717285
154,154,0.6,1.5,2.5,2.0,1.0,8.296846011131725,5.314162028447742,2.982683982683983,0.5500672054935164,115.82745788456207,0.16851942570750272,6440,0.790018637792615,10210,2.3880491256713867
155,155,0.6,1.5,2.5,2.0,1.5,8.406822488945041,5.449778900821226,2.9570435881238155,0.5494771969606559,115.3603051313579,0.16716282925726345,6264,0.7919054208395948,10210,1.8027558326721191
156,156,0.6,1.5,2.5,2.5,0.0,10209.0,10209.0,0.0,0.4658420732954035,101.03959619871806,0.12823604778234163,1,0.8492667822668971,10210,1.1928250789642334
157,157,0.6,1.5,2.5,2.5,0.5,6.434743065029559,3.643019554342883,2.791723510686676,0.5682636702568269,118.95377253370319,0.1777392571378327,8338,0.7727505313380175,10210,4.496719837188721
158,158,0.6,1.5,2.5,2.5,1.0,6.509082440614812,3.7554727526781555,2.7536096879366556,0.5679482224725869,118.21590417536889,0.17554106844531533,8059,0.7764296889530703,10210,2.7345337867736816
159,159,0.6,1.5,2.5,2.5,1.5,6.705711519845111,3.941916747337851,2.7637947725072602,0.5658215497518773,117.7030161040914,0.17402117797791763,7776,0.7788325351349186,10210,1.9832279682159424
160,160,0.6,2.0,2.0,2.0,0.0,10209.0,10209.0,0.0,0.4658420732954035,101.03959619871806,0.12823604778234163,1,0.8492667822668971,10210,0.8880438804626465
161,161,0.6,2.0,2.0,2.0,0.5,9.692667706708269,6.96411856474259,2.7285491419656784,0.5424472500405265,111.47196957082978,0.1560839582469759,4780,0.806857938059825,10210,3.056948184967041
162,162,0.6,2.0,2.0,2.0,1.0,9.687793427230046,6.989045383411581,2.6987480438184663,0.5426546814220308,111.26994203287786,0.15551870972604287,4727,0.8075866682958759,10210,1.909991979598999
163,163,0.6,2.0,2.0,2.0,1.5,9.73259493670886,7.0775316455696204,2.6550632911392404,0.5426333235662102,110.91438139393827,0.15452638454484932,4620,0.8090030199706127,10210,4.642341136932373
164,164,0.6,2.0,2.0,2.5,0.0,10209.0,10209.0,0.0,0.4658420732954035,101.03959619871806,0.12823604778234163,1,0.8492667822668971,10210,2.20401930809021
165,165,0.6,2.0,2.0,2.5,0.5,9.179397337070778,6.154870357393133,3.0245269796776455,0.5437355556322522,114.45086281894078,0.16453756390448557,5743,0.7955134253849028,10210,6.231566905975342
166,166,0.6,2.0,2.0,2.5,1.0,9.155196629213483,6.169943820224719,2.985252808988764,0.5441675749213162,114.17968295629481,0.16375877705342226,5675,0.796693500149414,10210,5.605366945266724
167,167,0.6,2.0,2.0,2.5,1.5,9.143665958952583,6.2257607926397736,2.9179051663128095,0.5447121241744816,113.66617790706258,0.16228913089899638,5536,0.7986217289242044,10210,2.124567985534668
168,168,0.6,2.0,2.5,2.0,0.0,10209.0,10209.0,0.0,0.4658420732954035,101.03959619871806,0.12823604778234163,1,0.8492667822668971,10210,0.8635547161102295
169,169,0.6,2.0,2.5,2.0,0.5,8.03456495828367,5.084624553039332,2.9499404052443383,0.5523117383636702,116.11201488218177,0.16934845687153785,6628,0.7886540514398264,10210,3.751530885696411
170,170,0.6,2.0,2.5,2.0,1.0,8.296846011131725,5.314162028447742,2.982683982683983,0.5500672054935164,115.82745788456207,0.16851942570750272,6440,0.790018637792615,10210,2.504289150238037
171,171,0.6,2.0,2.5,2.0,1.5,8.406822488945041,5.449778900821226,2.9570435881238155,0.5494771969606559,115.3603051313579,0.16716282925726345,6264,0.7919054208395948,10210,1.7462022304534912
172,172,0.6,2.0,2.5,2.5,0.0,10209.0,10209.0,0.0,0.4658420732954035,101.03959619871806,0.12823604778234163,1,0.8492667822668971,10210,0.8759660720825195
173,173,0.6,2.0,2.5,2.5,0.5,6.434743065029559,3.643019554342883,2.791723510686676,0.5682636702568269,118.95377253370319,0.1777392571378327,8338,0.7727505313380175,10210,4.326227903366089
174,174,0.6,2.0,2.5,2.5,1.0,6.509082440614812,3.7554727526781555,2.7536096879366556,0.5679482224725869,118.21590417536889,0.17554106844531533,8059,0.7764296889530703,10210,2.541799783706665
175,175,0.6,2.0,2.5,2.5,1.5,6.705711519845111,3.941916747337851,2.7637947725072602,0.5658215497518773,117.7030161040914,0.17402117797791763,7776,0.7788325351349186,10210,2.0695531368255615
176,176,0.6,2.5,2.0,2.0,0.0,10209.0,10209.0,0.0,0.4658420732954035,101.03959619871806,0.12823604778234163,1,0.8492667822668971,10210,0.9355630874633789
177,177,0.6,2.5,2.0,2.0,0.5,9.692667706708269,6.96411856474259,2.7285491419656784,0.5424472500405265,111.47196957082978,0.1560839582469759,4780,0.806857938059825,10210,3.449260950088501
178,178,0.6,2.5,2.0,2.0,1.0,9.687793427230046,6.989045383411581,2.6987480438184663,0.5426546814220308,111.26994203287786,0.15551870972604287,4727,0.8075866682958759,10210,1.8805992603302002
179,179,0.6,2.5,2.0,2.0,1.5,9.73259493670886,7.0775316455696204,2.6550632911392404,0.5426333235662102,110.91438139393827,0.15452638454484932,4620,0.8090030199706127,10210,1.5295848846435547
180,180,0.6,2.5,2.0,2.5,0.0,10209.0,10209.0,0.0,0.4658420732954035,101.03959619871806,0.12823604778234163,1,0.8492667822668971,10210,0.8532052040100098
181,181,0.6,2.5,2.0,2.5,0.5,9.179397337070778,6.154870357393133,3.0245269796776455,0.5437355556322522,114.45086281894078,0.16453756390448557,5743,0.7955134253849028,10210,3.4380788803100586
182,182,0.6,2.5,2.0,2.5,1.0,9.155196629213483,6.169943820224719,2.985252808988764,0.5441675749213162,114.17968295629481,0.16375877705342226,5675,0.796693500149414,10210,2.2915210723876953
183,183,0.6,2.5,2.0,2.5,1.5,9.143665958952583,6.2257607926397736,2.9179051663128095,0.5447121241744816,113.66617790706258,0.16228913089899638,5536,0.7986217289242044,10210,2.0136911869049072
184,184,0.6,2.5,2.5,2.0,0.0,10209.0,10209.0,0.0,0.4658420732954035,101.03959619871806,0.12823604778234163,1,0.8492667822668971,10210,0.8568761348724365
185,185,0.6,2.5,2.5,2.0,0.5,8.03456495828367,5.084624553039332,2.9499404052443383,0.5523117383636702,116.11201488218177,0.16934845687153785,6628,0.7886540514398264,10210,3.5134270191192627
186,186,0.6,2.5,2.5,2.0,1.0,8.296846011131725,5.314162028447742,2.982683982683983,0.5500672054935164,115.82745788456207,0.16851942570750272,6440,0.790018637792615,10210,2.1476829051971436
187,187,0.6,2.5,2.5,2.0,1.5,8.406822488945041,5.449778900821226,2.9570435881238155,0.5494771969606559,115.3603051313579,0.16716282925726345,6264,0.7919054208395948,10210,1.6941659450531006
188,188,0.6,2.5,2.5,2.5,0.0,10209.0,10209.0,0.0,0.4658420732954035,101.03959619871806,0.12823604778234163,1,0.8492667822668971,10210,0.8567180633544922
189,189,0.6,2.5,2.5,2.5,0.5,6.434743065029559,3.643019554342883,2.791723510686676,0.5682636702568269,118.95377253370319,0.1777392571378327,8338,0.7727505313380175,10210,4.108859062194824
190,190,0.6,2.5,2.5,2.5,1.0,6.509082440614812,3.7554727526781555,2.7536096879366556,0.5679482224725869,118.21590417536889,0.17554106844531533,8059,0.7764296889530703,10210,2.5587639808654785
191,191,0.6,2.5,2.5,2.5,1.5,6.705711519845111,3.941916747337851,2.7637947725072602,0.5658215497518773,117.7030161040914,0.17402117797791763,7776,0.7788325351349186,10210,1.9267659187316895
192,192,0.7,0.0,2.0,2.0,0.0,10209.0,10209.0,0.0,0.4658420732954035,101.03959619871806,0.12823604778234163,1,0.8492667822668971,10210,0.9504520893096924
193,193,0.7,0.0,2.0,2.0,0.5,10.286795626576955,7.587047939444911,2.6997476871320436,0.5390994561361401,110.59385154700057,0.15363454798959944,4399,0.8104350509848334,10210,2.810332775115967
194,194,0.7,0.0,2.0,2.0,1.0,10.339847068819031,7.674596431605777,2.665250637213254,0.538985177759512,110.3177229641729,0.1528683222167791,4314,0.8114017459116706,10210,1.8331890106201172
195,195,0.7,0.0,2.0,2.0,1.5,10.341588385994877,7.7190435525192145,2.622544833475662,0.5392018837595758,110.04544515789829,0.1521146575222017,4242,0.8123116785455017,10210,1.5280051231384277
196,196,0.7,0.0,2.0,2.5,0.0,10209.0,10209.0,0.0,0.4658420732954035,101.03959619871806,0.12823604778234163,1,0.8492667822668971,10210,0.8608379364013672
197,197,0.7,0.0,2.0,2.5,0.5,9.578908002991772,6.636499626028422,2.9424083769633507,0.5418150538751362,113.16801668316009,0.1608697290575423,5271,0.8007307059992897,10210,3.241987705230713
198,198,0.7,0.0,2.0,2.5,1.0,9.569924812030076,6.676691729323308,2.8932330827067667,0.5421855355677306,112.81843820936363,0.15987740387634874,5178,0.8020512483749691,10210,2.224198818206787
199,199,0.7,0.0,2.0,2.5,1.5,9.618181818181819,6.734848484848484,2.8833333333333333,0.5419537271910424,112.6765281680262,0.15947544937257413,5126,0.8026329265725666,10210,1.7003939151763916
200,200,0.7,0.0,2.5,2.0,0.0,10209.0,10209.0,0.0,0.4658420732954035,101.03959619871806,0.12823604778234163,1,0.8492667822668971,10210,0.9810259342193604
201,201,0.7,0.0,2.5,2.0,0.5,9.126119917298414,6.036526533425224,3.089593383873191,0.5436031345242931,115.07388930595855,0.16633379809322832,5934,0.7931780875990126,10210,4.439936876296997
202,202,0.7,0.0,2.5,2.0,1.0,9.16330785267547,6.095205003474635,3.0681028492008338,0.5435251730125281,114.8303095876694,0.16563037771162276,5854,0.7938830980995732,10210,2.5776150226593018
203,203,0.7,0.0,2.5,2.0,1.5,9.101045296167248,6.114982578397212,2.986062717770035,0.5445103260101862,114.28035701729323,0.16404768185301027,5720,0.7962858841276194,10210,2.2195069789886475
204,204,0.7,0.0,2.5,2.5,0.0,10209.0,10209.0,0.0,0.4658420732954035,101.03959619871806,0.12823604778234163,1,0.8492667822668971,10210,1.2282099723815918
205,205,0.7,0.0,2.5,2.5,0.5,7.429418103448276,4.501077586206897,2.9283405172413794,0.5574026820642551,117.42657280190033,0.17320470789212547,7291,0.7811626105071908,10210,4.423933029174805
206,206,0.7,0.0,2.5,2.5,1.0,7.609513274336283,4.647123893805309,2.9623893805309733,0.5555679704997748,117.2945011498834,0.17281531446659382,7164,0.7823673121777336,10210,2.6457178592681885
207,207,0.7,0.0,2.5,2.5,1.5,7.757403189066059,4.814350797266515,2.9430523917995446,0.5545512020962722,116.71332400373147,0.17110700782555174,6924,0.7852151224316328,10210,1.9099881649017334
208,208,0.7,0.5,2.0,2.0,0.0,10209.0,10209.0,0.0,0.4658420732954035,101.03959619871806,0.12823604778234163,1,0.8492667822668971,10210,0.8618941307067871
209,209,0.7,0.5,2.0,2.0,0.5,10.286795626576955,7.587047939444911,2.6997476871320436,0.5390994561361401,110.59385154700057,0.15363454798959944,4399,0.8104350509848334,10210,2.970715284347534
210,210,0.7,0.5,2.0,2.0,1.0,10.339847068819031,7.674596431605777,2.665250637213254,0.538985177759512,110.3177229641729,0.1528683222167791,4314,0.8114017459116706,10210,1.8761379718780518
211,211,0.7,0.5,2.0,2.0,1.5,10.341588385994877,7.7190435525192145,2.622544833475662,0.5392018837595758,110.04544515789829,0.1521146575222017,4242,0.8123116785455017,10210,1.8541278839111328
212,212,0.7,0.5,2.0,2.5,0.0,10209.0,10209.0,0.0,0.4658420732954035,101.03959619871806,0.12823604778234163,1,0.8492667822668971,10210,0.88319993019104
213,213,0.7,0.5,2.0,2.5,0.5,9.578908002991772,6.636499626028422,2.9424083769633507,0.5418150538751362,113.16801668316009,0.1608697290575423,5271,0.8007307059992897,10210,3.3038840293884277
214,214,0.7,0.5,2.0,2.5,1.0,9.569924812030076,6.676691729323308,2.8932330827067667,0.5421855355677306,112.81843820936363,0.15987740387634874,5178,0.8020512483749691,10210,2.0487849712371826
215,215,0.7,0.5,2.0,2.5,1.5,9.618181818181819,6.734848484848484,2.8833333333333333,0.5419537271910424,112.6765281680262,0.15947544937257413,5126,0.8026329265725666,10210,1.6896240711212158
216,216,0.7,0.5,2.5,2.0,0.0,10209.0,10209.0,0.0,0.4658420732954035,101.03959619871806,0.12823604778234163,1,0.8492667822668971,10210,0.856158971786499
217,217,0.7,0.5,2.5,2.0,0.5,9.126119917298414,6.036526533425224,3.089593383873191,0.5436031345242931,115.07388930595855,0.16633379809322832,5934,0.7931780875990126,10210,3.7160561084747314
218,218,0.7,0.5,2.5,2.0,1.0,9.16330785267547,6.095205003474635,3.0681028492008338,0.5435251730125281,114.8303095876694,0.16563037771162276,5854,0.7938830980995732,10210,2.8497679233551025
219,219,0.7,0.5,2.5,2.0,1.5,9.101045296167248,6.114982578397212,2.986062717770035,0.5445103260101862,114.28035701729323,0.16404768185301027,5720,0.7962858841276194,10210,1.7330553531646729
220,220,0.7,0.5,2.5,2.5,0.0,10209.0,10209.0,0.0,0.4658420732954035,101.03959619871806,0.12823604778234163,1,0.8492667822668971,10210,0.862957239151001
221,221,0.7,0.5,2.5,2.5,0.5,7.429418103448276,4.501077586206897,2.9283405172413794,0.5574026820642551,117.42657280190033,0.17320470789212547,7291,0.7811626105071908,10210,4.0645811557769775
222,222,0.7,0.5,2.5,2.5,1.0,7.609513274336283,4.647123893805309,2.9623893805309733,0.5555679704997748,117.2945011498834,0.17281531446659382,7164,0.7823673121777336,10210,2.385822057723999
223,223,0.7,0.5,2.5,2.5,1.5,7.757403189066059,4.814350797266515,2.9430523917995446,0.5545512020962722,116.71332400373147,0.17110700782555174,6924,0.7852151224316328,10210,1.8460848331451416
224,224,0.7,1.0,2.0,2.0,0.0,10209.0,10209.0,0.0,0.4658420732954035,101.03959619871806,0.12823604778234163,1,0.8492667822668971,10210,0.8468260765075684
225,225,0.7,1.0,2.0,2.0,0.5,10.286795626576955,7.587047939444911,2.6997476871320436,0.5390994561361401,110.59385154700057,0.15363454798959944,4399,0.8104350509848334,10210,2.75443696975708
226,226,0.7,1.0,2.0,2.0,1.0,10.339847068819031,7.674596431605777,2.665250637213254,0.538985177759512,110.3177229641729,0.1528683222167791,4314,0.8114017459116706,10210,1.875539779663086
227,227,0.7,1.0,2.0,2.0,1.5,10.341588385994877,7.7190435525192145,2.622544833475662,0.5392018837595758,110.04544515789829,0.1521146575222017,4242,0.8123116785455017,10210,1.5133121013641357
228,228,0.7,1.0,2.0,2.5,0.0,10209.0,10209.0,0.0,0.4658420732954035,101.03959619871806,0.12823604778234163,1,0.8492667822668971,10210,0.8737170696258545
229,229,0.7,1.0,2.0,2.5,0.5,9.578908002991772,6.636499626028422,2.9424083769633507,0.5418150538751362,113.16801668316009,0.1608697290575423,5271,0.8007307059992897,10210,3.7435121536254883
230,230,0.7,1.0,2.0,2.5,1.0,9.569924812030076,6.676691729323308,2.8932330827067667,0.5421855355677306,112.81843820936363,0.15987740387634874,5178,0.8020512483749691,10210,2.0697498321533203
231,231,0.7,1.0,2.0,2.5,1.5,9.618181818181819,6.734848484848484,2.8833333333333333,0.5419537271910424,112.6765281680262,0.15947544937257413,5126,0.8026329265725666,10210,1.656022071838379
232,232,0.7,1.0,2.5,2.0,0.0,10209.0,10209.0,0.0,0.4658420732954035,101.03959619871806,0.12823604778234163,1,0.8492667822668971,10210,0.8659651279449463
233,233,0.7,1.0,2.5,2.0,0.5,9.126119917298414,6.036526533425224,3.089593383873191,0.5436031345242931,115.07388930595855,0.16633379809322832,5934,0.7931780875990126,10210,3.535080909729004
234,234,0.7,1.0,2.5,2.0,1.0,9.16330785267547,6.095205003474635,3.0681028492008338,0.5435251730125281,114.8303095876694,0.16563037771162276,5854,0.7938830980995732,10210,2.1871578693389893
235,235,0.7,1.0,2.5,2.0,1.5,9.101045296167248,6.114982578397212,2.986062717770035,0.5445103260101862,114.28035701729323,0.16404768185301027,5720,0.7962858841276194,10210,1.805574893951416
236,236,0.7,1.0,2.5,2.5,0.0,10209.0,10209.0,0.0,0.4658420732954035,101.03959619871806,0.12823604778234163,1,0.8492667822668971,10210,0.842689037322998
237,237,0.7,1.0,2.5,2.5,0.5,7.429418103448276,4.501077586206897,2.9283405172413794,0.5574026820642551,117.42657280190033,0.17320470789212547,7291,0.7811626105071908,10210,3.9493470191955566
238,238,0.7,1.0,2.5,2.5,1.0,7.609513274336283,4.647123893805309,2.9623893805309733,0.5555679704997748,117.2945011498834,0.17281531446659382,7164,0.7823673121777336,10210,2.5301029682159424
239,239,0.7,1.0,2.5,2.5,1.5,7.757403189066059,4.814350797266515,2.9430523917995446,0.5545512020962722,116.71332400373147,0.17110700782555174,6924,0.7852151224316328,10210,1.8655498027801514
240,240,0.7,1.5,2.0,2.0,0.0,10209.0,10209.0,0.0,0.4658420732954035,101.03959619871806,0.12823604778234163,1,0.8492667822668971,10210,0.8951802253723145
241,241,0.7,1.5,2.0,2.0,0.5,10.286795626576955,7.587047939444911,2.6997476871320436,0.5390994561361401,110.59385154700057,0.15363454798959944,4399,0.8104350509848334,10210,2.7655489444732666
242,242,0.7,1.5,2.0,2.0,1.0,10.339847068819031,7.674596431605777,2.665250637213254,0.538985177759512,110.3177229641729,0.1528683222167791,4314,0.8114017459116706,10210,1.9086990356445312
243,243,0.7,1.5,2.0,2.0,1.5,10.341588385994877,7.7190435525192145,2.622544833475662,0.5392018837595758,110.04544515789829,0.1521146575222017,4242,0.8123116785455017,10210,1.477160930633545
244,244,0.7,1.5,2.0,2.5,0.0,10209.0,10209.0,0.0,0.4658420732954035,101.03959619871806,0.12823604778234163,1,0.8492667822668971,10210,0.8811461925506592
245,245,0.7,1.5,2.0,2.5,0.5,9.578908002991772,6.636499626028422,2.9424083769633507,0.5418150538751362,113.16801668316009,0.1608697290575423,5271,0.8007307059992897,10210,3.1582157611846924
246,246,0.7,1.5,2.0,2.5,1.0,9.569924812030076,6.676691729323308,2.8932330827067667,0.5421855355677306,112.81843820936363,0.15987740387634874,5178,0.8020512483749691,10210,2.0820388793945312
247,247,0.7,1.5,2.0,2.5,1.5,9.618181818181819,6.734848484848484,2.8833333333333333,0.5419537271910424,112.6765281680262,0.15947544937257413,5126,0.8026329265725666,10210,1.7148888111114502
248,248,0.7,1.5,2.5,2.0,0.0,10209.0,10209.0,0.0,0.4658420732954035,101.03959619871806,0.12823604778234163,1,0.8492667822668971,10210,0.8581399917602539
249,249,0.7,1.5,2.5,2.0,0.5,9.126119917298414,6.036526533425224,3.089593383873191,0.5436031345242931,115.07388930595855,0.16633379809322832,5934,0.7931780875990126,10210,3.4706380367279053
250,250,0.7,1.5,2.5,2.0,1.0,9.16330785267547,6.095205003474635,3.0681028492008338,0.5435251730125281,114.8303095876694,0.16563037771162276,5854,0.7938830980995732,10210,2.12857723236084
251,251,0.7,1.5,2.5,2.0,1.5,9.101045296167248,6.114982578397212,2.986062717770035,0.5445103260101862,114.28035701729323,0.16404768185301027,5720,0.7962858841276194,10210,1.7291913032531738
252,252,0.7,1.5,2.5,2.5,0.0,10209.0,10209.0,0.0,0.4658420732954035,101.03959619871806,0.12823604778234163,1,0.8492667822668971,10210,0.8597910404205322
253,253,0.7,1.5,2.5,2.5,0.5,7.429418103448276,4.501077586206897,2.9283405172413794,0.5574026820642551,117.42657280190033,0.17320470789212547,7291,0.7811626105071908,10210,4.34607720375061
254,254,0.7,1.5,2.5,2.5,1.0,7.609513274336283,4.647123893805309,2.9623893805309733,0.5555679704997748,117.2945011498834,0.17281531446659382,7164,0.7823673121777336,10210,2.6613850593566895
255,255,0.7,1.5,2.5,2.5,1.5,7.757403189066059,4.814350797266515,2.9430523917995446,0.5545512020962722,116.71332400373147,0.17110700782555174,6924,0.7852151224316328,10210,1.9133920669555664
256,256,0.7,2.0,2.0,2.0,0.0,10209.0,10209.0,0.0,0.4658420732954035,101.03959619871806,0.12823604778234163,1,0.8492667822668971,10210,1.0552418231964111
257,257,0.7,2.0,2.0,2.0,0.5,10.286795626576955,7.587047939444911,2.6997476871320436,0.5390994561361401,110.59385154700057,0.15363454798959944,4399,0.8104350509848334,10210,2.782562255859375
258,258,0.7,2.0,2.0,2.0,1.0,10.339847068819031,7.674596431605777,2.665250637213254,0.538985177759512,110.3177229641729,0.1528683222167791,4314,0.8114017459116706,10210,1.7989628314971924
259,259,0.7,2.0,2.0,2.0,1.5,10.341588385994877,7.7190435525192145,2.622544833475662,0.5392018837595758,110.04544515789829,0.1521146575222017,4242,0.8123116785455017,10210,1.5166418552398682
260,260,0.7,2.0,2.0,2.5,0.0,10209.0,10209.0,0.0,0.4658420732954035,101.03959619871806,0.12823604778234163,1,0.8492667822668971,10210,0.8524401187896729
261,261,0.7,2.0,2.0,2.5,0.5,9.578908002991772,6.636499626028422,2.9424083769633507,0.5418150538751362,113.16801668316009,0.1608697290575423,5271,0.8007307059992897,10210,3.2515480518341064
262,262,0.7,2.0,2.0,2.5,1.0,9.569924812030076,6.676691729323308,2.8932330827067667,0.5421855355677306,112.81843820936363,0.15987740387634874,5178,0.8020512483749691,10210,2.0015881061553955
263,263,0.7,2.0,2.0,2.5,1.5,9.618181818181819,6.734848484848484,2.8833333333333333,0.5419537271910424,112.6765281680262,0.15947544937257413,5126,0.8026329265725666,10210,1.7714502811431885
264,264,0.7,2.0,2.5,2.0,0.0,10209.0,10209.0,0.0,0.4658420732954035,101.03959619871806,0.12823604778234163,1,0.8492667822668971,10210,0.8584492206573486
265,265,0.7,2.0,2.5,2.0,0.5,9.126119917298414,6.036526533425224,3.089593383873191,0.5436031345242931,115.07388930595855,0.16633379809322832,5934,0.7931780875990126,10210,3.4444291591644287
266,266,0.7,2.0,2.5,2.0,1.0,9.16330785267547,6.095205003474635,3.0681028492008338,0.5435251730125281,114.8303095876694,0.16563037771162276,5854,0.7938830980995732,10210,2.204777956008911
267,267,0.7,2.0,2.5,2.0,1.5,9.101045296167248,6.114982578397212,2.986062717770035,0.5445103260101862,114.28035701729323,0.16404768185301027,5720,0.7962858841276194,10210,1.7377541065216064
268,268,0.7,2.0,2.5,2.5,0.0,10209.0,10209.0,0.0,0.4658420732954035,101.03959619871806,0.12823604778234163,1,0.8492667822668971,10210,0.8771939277648926
269,269,0.7,2.0,2.5,2.5,0.5,7.429418103448276,4.501077586206897,2.9283405172413794,0.5574026820642551,117.42657280190033,0.17320470789212547,7291,0.7811626105071908,10210,4.200836181640625
270,270,0.7,2.0,2.5,2.5,1.0,7.609513274336283,4.647123893805309,2.9623893805309733,0.5555679704997748,117.2945011498834,0.17281531446659382,7164,0.7823673121777336,10210,2.823213815689087
271,271,0.7,2.0,2.5,2.5,1.5,7.757403189066059,4.814350797266515,2.9430523917995446,0.5545512020962722,116.71332400373147,0.17110700782555174,6924,0.7852151224316328,10210,1.937309980392456
272,272,0.7,2.5,2.0,2.0,0.0,10209.0,10209.0,0.0,0.4658420732954035,101.03959619871806,0.12823604778234163,1,0.8492667822668971,10210,1.1405200958251953
273,273,0.7,2.5,2.0,2.0,0.5,10.286795626576955,7.587047939444911,2.6997476871320436,0.5390994561361401,110.59385154700057,0.15363454798959944,4399,0.8104350509848334,10210,3.0829010009765625
274,274,0.7,2.5,2.0,2.0,1.0,10.339847068819031,7.674596431605777,2.665250637213254,0.538985177759512,110.3177229641729,0.1528683222167791,4314,0.8114017459116706,10210,1.8567538261413574
275,275,0.7,2.5,2.0,2.0,1.5,10.341588385994877,7.7190435525192145,2.622544833475662,0.5392018837595758,110.04544515789829,0.1521146575222017,4242,0.8123116785455017,10210,1.5293240547180176
276,276,0.7,2.5,2.0,2.5,0.0,10209.0,10209.0,0.0,0.4658420732954035,101.03959619871806,0.12823604778234163,1,0.8492667822668971,10210,0.8579168319702148
277,277,0.7,2.5,2.0,2.5,0.5,9.578908002991772,6.636499626028422,2.9424083769633507,0.5418150538751362,113.16801668316009,0.1608697290575423,5271,0.8007307059992897,10210,4.139986038208008
278,278,0.7,2.5,2.0,2.5,1.0,9.569924812030076,6.676691729323308,2.8932330827067667,0.5421855355677306,112.81843820936363,0.15987740387634874,5178,0.8020512483749691,10210,2.5988900661468506
279,279,0.7,2.5,2.0,2.5,1.5,9.618181818181819,6.734848484848484,2.8833333333333333,0.5419537271910424,112.6765281680262,0.15947544937257413,5126,0.8026329265725666,10210,1.8906538486480713
280,280,0.7,2.5,2.5,2.0,0.0,10209.0,10209.0,0.0,0.4658420732954035,101.03959619871806,0.12823604778234163,1,0.8492667822668971,10210,1.173421859741211
281,281,0.7,2.5,2.5,2.0,0.5,9.126119917298414,6.036526533425224,3.089593383873191,0.5436031345242931,115.07388930595855,0.16633379809322832,5934,0.7931780875990126,10210,4.018531799316406
282,282,0.7,2.5,2.5,2.0,1.0,9.16330785267547,6.095205003474635,3.0681028492008338,0.5435251730125281,114.8303095876694,0.16563037771162276,5854,0.7938830980995732,10210,2.4181058406829834
283,283,0.7,2.5,2.5,2.0,1.5,9.101045296167248,6.114982578397212,2.986062717770035,0.5445103260101862,114.28035701729323,0.16404768185301027,5720,0.7962858841276194,10210,2.4888548851013184
284,284,0.7,2.5,2.5,2.5,0.0,10209.0,10209.0,0.0,0.4658420732954035,101.03959619871806,0.12823604778234163,1,0.8492667822668971,10210,0.9280900955200195
285,285,0.7,2.5,2.5,2.5,0.5,7.429418103448276,4.501077586206897,2.9283405172413794,0.5574026820642551,117.42657280190033,0.17320470789212547,7291,0.7811626105071908,10210,4.409960985183716
286,286,0.7,2.5,2.5,2.5,1.0,7.609513274336283,4.647123893805309,2.9623893805309733,0.5555679704997748,117.2945011498834,0.17281531446659382,7164,0.7823673121777336,10210,2.499443769454956
287,287,0.7,2.5,2.5,2.5,1.5,7.757403189066059,4.814350797266515,2.9430523917995446,0.5545512020962722,116.71332400373147,0.17110700782555174,6924,0.7852151224316328,10210,2.0367181301116943
288,288,0.7999999999999999,0.0,2.0,2.0,0.0,10209.0,10209.0,0.0,0.4658420732954035,101.03959619871806,0.12823604778234163,1,0.8492667822668971,10210,0.9131500720977783
289,289,0.7999999999999999,0.0,2.0,2.0,0.5,10.908348457350272,8.26497277676951,2.643375680580762,0.5360166625106709,109.64032105024137,0.1509967215585786,4015,0.8138722628576153,10210,2.9331929683685303
290,290,0.7999999999999999,0.0,2.0,2.0,1.0,10.903196347031963,8.32420091324201,2.5789954337899546,0.536357599421797,109.26573113286709,0.14996671314265617,3919,0.8151555448006779,10210,4.470763921737671
291,291,0.7999999999999999,0.0,2.0,2.0,1.5,10.871794871794872,8.34981684981685,2.521978021978022,0.5367981252730423,108.95870777500988,0.14912512090037808,3846,0.8161445213085361,10210,2.5107898712158203
292,292,0.7999999999999999,0.0,2.0,2.5,0.0,10209.0,10209.0,0.0,0.4658420732954035,101.03959619871806,0.12823604778234163,1,0.8492667822668971,10210,0.929603099822998
293,293,0.7999999999999999,0.0,2.0,2.5,0.5,9.983266932270917,7.135458167330677,2.847808764940239,0.5400014407239927,111.93301568348814,0.15737774930600043,4829,0.8057762947720375,10210,3.3397419452667236
294,294,0.7999999999999999,0.0,2.0,2.5,1.0,10.030571198712792,7.213998390989541,2.8165728077232504,0.5399103270862244,111.66019881766287,0.15661152353318009,4744,0.8067138818190415,10210,2.6956160068511963
295,295,0.7999999999999999,0.0,2.0,2.5,1.5,10.081168831168831,7.287337662337662,2.793831168831169,0.5397494349174415,111.44505372604026,0.1560085917775182,4674,0.8074830610529278,10210,1.6760351657867432
296,296,0.7999999999999999,0.0,2.5,2.0,0.0,10209.0,10209.0,0.0,0.4658420732954035,101.03959619871806,0.12823604778234163,1,0.8492667822668971,10210,0.854992151260376
297,297,0.7999999999999999,0.0,2.5,2.0,0.5,9.394202898550725,6.398550724637682,2.9956521739130433,0.5425925664804244,113.85956261992227,0.16284181834168646,5514,0.7979778334671891,10210,3.4355149269104004
298,298,0.7999999999999999,0.0,2.5,2.0,1.0,9.43956043956044,6.47985347985348,2.95970695970696,0.542553926944672,113.51211389098522,0.1618494931604929,5405,0.7992484181511691,10210,2.1242871284484863
299,299,0.7999999999999999,0.0,2.5,2.0,1.5,9.489660265878877,6.540620384047267,2.94903988183161,0.5423161591170433,113.35342959081565,0.16139729434374647,5347,0.8000392063373684,10210,1.6805953979492188
300,300,0.7999999999999999,0.0,2.5,2.5,0.0,10209.0,10209.0,0.0,0.4658420732954035,101.03959619871806,0.12823604778234163,1,0.8492667822668971,10210,0.8630721569061279
301,301,0.7999999999999999,0.0,2.5,2.5,0.5,8.417643429981492,5.298581122763726,3.119062307217767,0.548058304996751,116.81181447096864,0.17139591262513973,6677,0.7863013333722637,10210,3.9773190021514893
302,302,0.7999999999999999,0.0,2.5,2.5,1.0,8.656687898089173,5.503184713375796,3.153503184713376,0.5461470548010426,116.58044432922702,0.1707176144000201,6521,0.7874207141813166,10210,2.3956148624420166
303,303,0.7999999999999999,0.0,2.5,2.5,1.5,8.848722986247544,5.686313032089063,3.1624099541584805,0.5448180665323534,116.24112869376312,0.16972528921882654,6356,0.7889213958886636,10210,1.8256969451904297
304,304,0.7999999999999999,0.5,2.0,2.0,0.0,10209.0,10209.0,0.0,0.4658420732954035,101.03959619871806,0.12823604778234163,1,0.8492667822668971,10210,0.8793599605560303
305,305,0.7999999999999999,0.5,2.0,2.0,0.5,10.908348457350272,8.26497277676951,2.643375680580762,0.5360166625106709,109.64032105024137,0.1509967215585786,4015,0.8138722628576153,10210,2.776602029800415
306,306,0.7999999999999999,0.5,2.0,2.0,1.0,10.903196347031963,8.32420091324201,2.5789954337899546,0.536357599421797,109.26573113286709,0.14996671314265617,3919,0.8151555448006779,10210,1.7485620975494385
307,307,0.7999999999999999,0.5,2.0,2.0,1.5,10.871794871794872,8.34981684981685,2.521978021978022,0.5367981252730423,108.95870777500988,0.14912512090037808,3846,0.8161445213085361,10210,1.4559030532836914
308,308,0.7999999999999999,0.5,2.0,2.5,0.0,10209.0,10209.0,0.0,0.4658420732954035,101.03959619871806,0.12823604778234163,1,0.8492667822668971,10210,0.8503358364105225
309,309,0.7999999999999999,0.5,2.0,2.5,0.5,9.983266932270917,7.135458167330677,2.847808764940239,0.5400014407239927,111.93301568348814,0.15737774930600043,4829,0.8057762947720375,10210,3.0808300971984863
310,310,0.7999999999999999,0.5,2.0,2.5,1.0,10.030571198712792,7.213998390989541,2.8165728077232504,0.5399103270862244,111.66019881766287,0.15661152353318009,4744,0.8067138818190415,10210,2.0153629779815674
311,311,0.7999999999999999,0.5,2.0,2.5,1.5,10.081168831168831,7.287337662337662,2.793831168831169,0.5397494349174415,111.44505372604026,0.1560085917775182,4674,0.8074830610529278,10210,1.5711700916290283
312,312,0.7999999999999999,0.5,2.5,2.0,0.0,10209.0,10209.0,0.0,0.4658420732954035,101.03959619871806,0.12823604778234163,1,0.8492667822668971,10210,0.8614962100982666
313,313,0.7999999999999999,0.5,2.5,2.0,0.5,9.394202898550725,6.398550724637682,2.9956521739130433,0.5425925664804244,113.85956261992227,0.16284181834168646,5514,0.7979778334671891,10210,3.551675319671631
314,314,0.7999999999999999,0.5,2.5,2.0,1.0,9.43956043956044,6.47985347985348,2.95970695970696,0.542553926944672,113.51211389098522,0.1618494931604929,5405,0.7992484181511691,10210,2.1434309482574463
315,315,0.7999999999999999,0.5,2.5,2.0,1.5,9.489660265878877,6.540620384047267,2.94903988183161,0.5423161591170433,113.35342959081565,0.16139729434374647,5347,0.8000392063373684,10210,1.6781351566314697
316,316,0.7999999999999999,0.5,2.5,2.5,0.0,10209.0,10209.0,0.0,0.4658420732954035,101.03959619871806,0.12823604778234163,1,0.8492667822668971,10210,0.8736839294433594
317,317,0.7999999999999999,0.5,2.5,2.5,0.5,8.417643429981492,5.298581122763726,3.119062307217767,0.548058304996751,116.81181447096864,0.17139591262513973,6677,0.7863013333722637,10210,3.7918708324432373
318,318,0.7999999999999999,0.5,2.5,2.5,1.0,8.656687898089173,5.503184713375796,3.153503184713376,0.5461470548010426,116.58044432922702,0.1707176144000201,6521,0.7874207141813166,10210,2.3492469787597656
319,319,0.7999999999999999,0.5,2.5,2.5,1.5,8.848722986247544,5.686313032089063,3.1624099541584805,0.5448180665323534,116.24112869376312,0.16972528921882654,6356,0.7889213958886636,10210,1.8385639190673828
320,320,0.7999999999999999,1.0,2.0,2.0,0.0,10209.0,10209.0,0.0,0.4658420732954035,101.03959619871806,0.12823604778234163,1,0.8492667822668971,10210,0.8580937385559082
321,321,0.7999999999999999,1.0,2.0,2.0,0.5,10.908348457350272,8.26497277676951,2.643375680580762,0.5360166625106709,109.64032105024137,0.1509967215585786,4015,0.8138722628576153,10210,2.631922960281372
322,322,0.7999999999999999,1.0,2.0,2.0,1.0,10.903196347031963,8.32420091324201,2.5789954337899546,0.536357599421797,109.26573113286709,0.14996671314265617,3919,0.8151555448006779,10210,2.1492671966552734
323,323,0.7999999999999999,1.0,2.0,2.0,1.5,10.871794871794872,8.34981684981685,2.521978021978022,0.5367981252730423,108.95870777500988,0.14912512090037808,3846,0.8161445213085361,10210,1.4721238613128662
324,324,0.7999999999999999,1.0,2.0,2.5,0.0,10209.0,10209.0,0.0,0.4658420732954035,101.03959619871806,0.12823604778234163,1,0.8492667822668971,10210,0.8785049915313721
325,325,0.7999999999999999,1.0,2.0,2.5,0.5,9.983266932270917,7.135458167330677,2.847808764940239,0.5400014407239927,111.93301568348814,0.15737774930600043,4829,0.8057762947720375,10210,3.1292500495910645
326,326,0.7999999999999999,1.0,2.0,2.5,1.0,10.030571198712792,7.213998390989541,2.8165728077232504,0.5399103270862244,111.66019881766287,0.15661152353318009,4744,0.8067138818190415,10210,1.9900898933410645
327,327,0.7999999999999999,1.0,2.0,2.5,1.5,10.081168831168831,7.287337662337662,2.793831168831169,0.5397494349174415,111.44505372604026,0.1560085917775182,4674,0.8074830610529278,10210,1.587951898574829
328,328,0.7999999999999999,1.0,2.5,2.0,0.0,10209.0,10209.0,0.0,0.4658420732954035,101.03959619871806,0.12823604778234163,1,0.8492667822668971,10210,0.8498470783233643
329,329,0.7999999999999999,1.0,2.5,2.0,0.5,9.394202898550725,6.398550724637682,2.9956521739130433,0.5425925664804244,113.85956261992227,0.16284181834168646,5514,0.7979778334671891,10210,3.2386789321899414
330,330,0.7999999999999999,1.0,2.5,2.0,1.0,9.43956043956044,6.47985347985348,2.95970695970696,0.542553926944672,113.51211389098522,0.1618494931604929,5405,0.7992484181511691,10210,2.048888921737671
331,331,0.7999999999999999,1.0,2.5,2.0,1.5,9.489660265878877,6.540620384047267,2.94903988183161,0.5423161591170433,113.35342959081565,0.16139729434374647,5347,0.8000392063373684,10210,1.671849012374878
332,332,0.7999999999999999,1.0,2.5,2.5,0.0,10209.0,10209.0,0.0,0.4658420732954035,101.03959619871806,0.12823604778234163,1,0.8492667822668971,10210,0.8542490005493164
333,333,0.7999999999999999,1.0,2.5,2.5,0.5,8.417643429981492,5.298581122763726,3.119062307217767,0.548058304996751,116.81181447096864,0.17139591262513973,6677,0.7863013333722637,10210,3.9887781143188477
334,334,0.7999999999999999,1.0,2.5,2.5,1.0,8.656687898089173,5.503184713375796,3.153503184713376,0.5461470548010426,116.58044432922702,0.1707176144000201,6521,0.7874207141813166,10210,2.3029754161834717
335,335,0.7999999999999999,1.0,2.5,2.5,1.5,8.848722986247544,5.686313032089063,3.1624099541584805,0.5448180665323534,116.24112869376312,0.16972528921882654,6356,0.7889213958886636,10210,2.5245280265808105
336,336,0.7999999999999999,1.5,2.0,2.0,0.0,10209.0,10209.0,0.0,0.4658420732954035,101.03959619871806,0.12823604778234163,1,0.8492667822668971,10210,0.866023063659668
337,337,0.7999999999999999,1.5,2.0,2.0,0.5,10.908348457350272,8.26497277676951,2.643375680580762,0.5360166625106709,109.64032105024137,0.1509967215585786,4015,0.8138722628576153,10210,2.879589796066284
338,338,0.7999999999999999,1.5,2.0,2.0,1.0,10.903196347031963,8.32420091324201,2.5789954337899546,0.536357599421797,109.26573113286709,0.14996671314265617,3919,0.8151555448006779,10210,1.793954849243164
339,339,0.7999999999999999,1.5,2.0,2.0,1.5,10.871794871794872,8.34981684981685,2.521978021978022,0.5367981252730423,108.95870777500988,0.14912512090037808,3846,0.8161445213085361,10210,1.4517271518707275
340,340,0.7999999999999999,1.5,2.0,2.5,0.0,10209.0,10209.0,0.0,0.4658420732954035,101.03959619871806,0.12823604778234163,1,0.8492667822668971,10210,1.0331158638000488
341,341,0.7999999999999999,1.5,2.0,2.5,0.5,9.983266932270917,7.135458167330677,2.847808764940239,0.5400014407239927,111.93301568348814,0.15737774930600043,4829,0.8057762947720375,10210,3.4642481803894043
342,342,0.7999999999999999,1.5,2.0,2.5,1.0,10.030571198712792,7.213998390989541,2.8165728077232504,0.5399103270862244,111.66019881766287,0.15661152353318009,4744,0.8067138818190415,10210,1.9832708835601807
343,343,0.7999999999999999,1.5,2.0,2.5,1.5,10.081168831168831,7.287337662337662,2.793831168831169,0.5397494349174415,111.44505372604026,0.1560085917775182,4674,0.8074830610529278,10210,1.592621088027954
344,344,0.7999999999999999,1.5,2.5,2.0,0.0,10209.0,10209.0,0.0,0.4658420732954035,101.03959619871806,0.12823604778234163,1,0.8492667822668971,10210,0.877345085144043
345,345,0.7999999999999999,1.5,2.5,2.0,0.5,9.394202898550725,6.398550724637682,2.9956521739130433,0.5425925664804244,113.85956261992227,0.16284181834168646,5514,0.7979778334671891,10210,3.4007580280303955
346,346,0.7999999999999999,1.5,2.5,2.0,1.0,9.43956043956044,6.47985347985348,2.95970695970696,0.542553926944672,113.51211389098522,0.1618494931604929,5405,0.7992484181511691,10210,2.084138870239258
347,347,0.7999999999999999,1.5,2.5,2.0,1.5,9.489660265878877,6.540620384047267,2.94903988183161,0.5423161591170433,113.35342959081565,0.16139729434374647,5347,0.8000392063373684,10210,1.68965482711792
348,348,0.7999999999999999,1.5,2.5,2.5,0.0,10209.0,10209.0,0.0,0.4658420732954035,101.03959619871806,0.12823604778234163,1,0.8492667822668971,10210,0.8565950393676758
349,349,0.7999999999999999,1.5,2.5,2.5,0.5,8.417643429981492,5.298581122763726,3.119062307217767,0.548058304996751,116.81181447096864,0.17139591262513973,6677,0.7863013333722637,10210,3.88729190826416
350,350,0.7999999999999999,1.5,2.5,2.5,1.0,8.656687898089173,5.503184713375796,3.153503184713376,0.5461470548010426,116.58044432922702,0.1707176144000201,6521,0.7874207141813166,10210,2.342237949371338
351,351,0.7999999999999999,1.5,2.5,2.5,1.5,8.848722986247544,5.686313032089063,3.1624099541584805,0.5448180665323534,116.24112869376312,0.16972528921882654,6356,0.7889213958886636,10210,1.795827865600586
352,352,0.7999999999999999,2.0,2.0,2.0,0.0,10209.0,10209.0,0.0,0.4658420732954035,101.03959619871806,0.12823604778234163,1,0.8492667822668971,10210,0.8621499538421631
353,353,0.7999999999999999,2.0,2.0,2.0,0.5,10.908348457350272,8.26497277676951,2.643375680580762,0.5360166625106709,109.64032105024137,0.1509967215585786,4015,0.8138722628576153,10210,2.7417380809783936
354,354,0.7999999999999999,2.0,2.0,2.0,1.0,10.903196347031963,8.32420091324201,2.5789954337899546,0.536357599421797,109.26573113286709,0.14996671314265617,3919,0.8151555448006779,10210,1.7882943153381348
355,355,0.7999999999999999,2.0,2.0,2.0,1.5,10.871794871794872,8.34981684981685,2.521978021978022,0.5367981252730423,108.95870777500988,0.14912512090037808,3846,0.8161445213085361,10210,1.4471540451049805
356,356,0.7999999999999999,2.0,2.0,2.5,0.0,10209.0,10209.0,0.0,0.4658420732954035,101.03959619871806,0.12823604778234163,1,0.8492667822668971,10210,1.0110831260681152
357,357,0.7999999999999999,2.0,2.0,2.5,0.5,9.983266932270917,7.135458167330677,2.847808764940239,0.5400014407239927,111.93301568348814,0.15737774930600043,4829,0.8057762947720375,10210,3.0847320556640625
358,358,0.7999999999999999,2.0,2.0,2.5,1.0,10.030571198712792,7.213998390989541,2.8165728077232504,0.5399103270862244,111.66019881766287,0.15661152353318009,4744,0.8067138818190415,10210,1.9751410484313965
359,359,0.7999999999999999,2.0,2.0,2.5,1.5,10.081168831168831,7.287337662337662,2.793831168831169,0.5397494349174415,111.44505372604026,0.1560085917775182,4674,0.8074830610529278,10210,1.5757131576538086
360,360,0.7999999999999999,2.0,2.5,2.0,0.0,10209.0,10209.0,0.0,0.4658420732954035,101.03959619871806,0.12823604778234163,1,0.8492667822668971,10210,0.8718850612640381
361,361,0.7999999999999999,2.0,2.5,2.0,0.5,9.394202898550725,6.398550724637682,2.9956521739130433,0.5425925664804244,113.85956261992227,0.16284181834168646,5514,0.7979778334671891,10210,3.4021759033203125
362,362,0.7999999999999999,2.0,2.5,2.0,1.0,9.43956043956044,6.47985347985348,2.95970695970696,0.542553926944672,113.51211389098522,0.1618494931604929,5405,0.7992484181511691,10210,2.0611119270324707
363,363,0.7999999999999999,2.0,2.5,2.0,1.5,9.489660265878877,6.540620384047267,2.94903988183161,0.5423161591170433,113.35342959081565,0.16139729434374647,5347,0.8000392063373684,10210,1.6467247009277344
364,364,0.7999999999999999,2.0,2.5,2.5,0.0,10209.0,10209.0,0.0,0.4658420732954035,101.03959619871806,0.12823604778234163,1,0.8492667822668971,10210,0.8410048484802246
365,365,0.7999999999999999,2.0,2.5,2.5,0.5,8.417643429981492,5.298581122763726,3.119062307217767,0.548058304996751,116.81181447096864,0.17139591262513973,6677,0.7863013333722637,10210,3.7106752395629883
366,366,0.7999999999999999,2.0,2.5,2.5,1.0,8.656687898089173,5.503184713375796,3.153503184713376,0.5461470548010426,116.58044432922702,0.1707176144000201,6521,0.7874207141813166,10210,2.3449652194976807
367,367,0.7999999999999999,2.0,2.5,2.5,1.5,8.848722986247544,5.686313032089063,3.1624099541584805,0.5448180665323534,116.24112869376312,0.16972528921882654,6356,0.7889213958886636,10210,1.79616117477417
368,368,0.7999999999999999,2.5,2.0,2.0,0.0,10209.0,10209.0,0.0,0.4658420732954035,101.03959619871806,0.12823604778234163,1,0.8492667822668971,10210,1.0043039321899414
369,369,0.7999999999999999,2.5,2.0,2.0,0.5,10.908348457350272,8.26497277676951,2.643375680580762,0.5360166625106709,109.64032105024137,0.1509967215585786,4015,0.8138722628576153,10210,2.705463171005249
370,370,0.7999999999999999,2.5,2.0,2.0,1.0,10.903196347031963,8.32420091324201,2.5789954337899546,0.536357599421797,109.26573113286709,0.14996671314265617,3919,0.8151555448006779,10210,1.8725359439849854
371,371,0.7999999999999999,2.5,2.0,2.0,1.5,10.871794871794872,8.34981684981685,2.521978021978022,0.5367981252730423,108.95870777500988,0.14912512090037808,3846,0.8161445213085361,10210,1.46207594871521
372,372,0.7999999999999999,2.5,2.0,2.5,0.0,10209.0,10209.0,0.0,0.4658420732954035,101.03959619871806,0.12823604778234163,1,0.8492667822668971,10210,0.8539330959320068
373,373,0.7999999999999999,2.5,2.0,2.5,0.5,9.983266932270917,7.135458167330677,2.847808764940239,0.5400014407239927,111.93301568348814,0.15737774930600043,4829,0.8057762947720375,10210,3.1292591094970703
374,374,0.7999999999999999,2.5,2.0,2.5,1.0,10.030571198712792,7.213998390989541,2.8165728077232504,0.5399103270862244,111.66019881766287,0.15661152353318009,4744,0.8067138818190415,10210,2.012813091278076
375,375,0.7999999999999999,2.5,2.0,2.5,1.5,10.081168831168831,7.287337662337662,2.793831168831169,0.5397494349174415,111.44505372604026,0.1560085917775182,4674,0.8074830610529278,10210,1.6042778491973877
376,376,0.7999999999999999,2.5,2.5,2.0,0.0,10209.0,10209.0,0.0,0.4658420732954035,101.03959619871806,0.12823604778234163,1,0.8492667822668971,10210,0.8643138408660889
377,377,0.7999999999999999,2.5,2.5,2.0,0.5,9.394202898550725,6.398550724637682,2.9956521739130433,0.5425925664804244,113.85956261992227,0.16284181834168646,5514,0.7979778334671891,10210,3.431623935699463
378,378,0.7999999999999999,2.5,2.5,2.0,1.0,9.43956043956044,6.47985347985348,2.95970695970696,0.542553926944672,113.51211389098522,0.1618494931604929,5405,0.7992484181511691,10210,2.089818000793457
379,379,0.7999999999999999,2.5,2.5,2.0,1.5,9.489660265878877,6.540620384047267,2.94903988183161,0.5423161591170433,113.35342959081565,0.16139729434374647,5347,0.8000392063373684,10210,1.6724331378936768
380,380,0.7999999999999999,2.5,2.5,2.5,0.0,10209.0,10209.0,0.0,0.4658420732954035,101.03959619871806,0.12823604778234163,1,0.8492667822668971,10210,0.862271785736084
381,381,0.7999999999999999,2.5,2.5,2.5,0.5,8.417643429981492,5.298581122763726,3.119062307217767,0.548058304996751,116.81181447096864,0.17139591262513973,6677,0.7863013333722637,10210,3.9446747303009033
382,382,0.7999999999999999,2.5,2.5,2.5,1.0,8.656687898089173,5.503184713375796,3.153503184713376,0.5461470548010426,116.58044432922702,0.1707176144000201,6521,0.7874207141813166,10210,2.3892159461975098
383,383,0.7999999999999999,2.5,2.5,2.5,1.5,8.848722986247544,5.686313032089063,3.1624099541584805,0.5448180665323534,116.24112869376312,0.16972528921882654,6356,0.7889213958886636,10210,1.8631060123443604
384,384,0.8999999999999999,0.0,2.0,2.0,0.0,10209.0,10209.0,0.0,0.4658420732954035,101.03959619871806,0.12823604778234163,1,0.8492667822668971,10210,0.8484368324279785
385,385,0.8999999999999999,0.0,2.0,2.0,0.5,11.357348703170029,8.807877041306437,2.549471661863593,0.5341851258646619,108.73361945598978,0.14850962806647322,3695,0.8171280686520377,10210,2.505692958831787
386,386,0.8999999999999999,0.0,2.0,2.0,1.0,11.405431619786615,8.903006789524733,2.5024248302618814,0.5341601801517427,108.43892290132727,0.14770571905892402,3611,0.8179679899633161,10210,1.7148997783660889
387,387,0.8999999999999999,0.0,2.0,2.0,1.5,11.360544217687075,8.922254616132166,2.438289601554908,0.5346682494505566,108.12030336620407,0.14683900466016003,3538,0.8192030931538488,10210,1.4423587322235107
388,388,0.8999999999999999,0.0,2.0,2.5,0.0,10209.0,10209.0,0.0,0.4658420732954035,101.03959619871806,0.12823604778234163,1,0.8492667822668971,10210,0.8739910125732422
389,389,0.8999999999999999,0.0,2.0,2.5,0.5,10.50596252129472,7.696763202725724,2.8091993185689947,0.5372954681308215,111.05854312028409,0.15492833904862394,4472,0.8088344511733763,10210,3.026301145553589
390,390,0.8999999999999999,0.0,2.0,2.5,1.0,10.566265060240964,7.7865748709122204,2.7796901893287433,0.5371289628269039,110.80613701415639,0.15422491866701837,4392,0.8097052660469936,10210,2.0392770767211914
391,391,0.8999999999999999,0.0,2.0,2.5,1.5,10.625325238508239,7.855160450997398,2.7701647875108413,0.5368632266152773,110.68423555321688,0.15388576955445857,4347,0.8100317205094176,10210,1.6287779808044434
392,392,0.8999999999999999,0.0,2.5,2.0,0.0,10209.0,10209.0,0.0,0.4658420732954035,101.03959619871806,0.12823604778234163,1,0.8492667822668971,10210,0.8458869457244873
393,393,0.8999999999999999,0.0,2.5,2.0,0.5,9.605580693815988,6.699849170437406,2.905731523378582,0.5418883993330441,112.8583182578936,0.15999045358053535,5179,0.8019343547961404,10210,3.1778531074523926
394,394,0.8999999999999999,0.0,2.5,2.0,1.0,9.669717772692602,6.787948131197559,2.881769641495042,0.5416509645211824,112.5921844534513,0.15923678888595796,5089,0.8029284408369455,10210,2.028014898300171
395,395,0.8999999999999999,0.0,2.5,2.0,1.5,9.774517374517375,6.884169884169884,2.8903474903474904,0.54096984504941,112.50777750893491,0.1589981283993418,5038,0.8034387241494526,10210,1.6289348602294922
396,396,0.8999999999999999,0.0,2.5,2.5,0.0,10209.0,10209.0,0.0,0.4658420732954035,101.03959619871806,0.12823604778234163,1,0.8492667822668971,10210,1.092803955078125
397,397,0.8999999999999999,0.0,2.5,2.5,0.5,9.109912339851652,5.884693189480783,3.22521915037087,0.5426878947217877,116.23252556836232,0.16970016706234062,6266,0.7888472209593267,10210,3.7322471141815186
398,398,0.8999999999999999,0.0,2.5,2.5,1.0,9.210309278350515,6.017182130584192,3.1931271477663232,0.5423177808848536,115.76268828944843,0.16833100953385838,6101,0.7908672592209518,10210,2.28743314743042
399,399,0.8999999999999999,0.0,2.5,2.5,1.5,9.232428670842031,6.105080027835769,3.127348643006263,0.5426660902880643,115.18246394308467,0.16664782504930223,5931,0.7930782592707101,10210,1.7749810218811035
400,400,0.8999999999999999,0.5,2.0,2.0,0.0,10209.0,10209.0,0.0,0.4658420732954035,101.03959619871806,0.12823604778234163,1,0.8492667822668971,10210,0.8594088554382324
401,401,0.8999999999999999,0.5,2.0,2.0,0.5,11.357348703170029,8.807877041306437,2.549471661863593,0.5341851258646619,108.73361945598978,0.14850962806647322,3695,0.8171280686520377,10210,2.592651128768921
402,402,0.8999999999999999,0.5,2.0,2.0,1.0,11.405431619786615,8.903006789524733,2.5024248302618814,0.5341601801517427,108.43892290132727,0.14770571905892402,3611,0.8179679899633161,10210,1.6765522956848145
403,403,0.8999999999999999,0.5,2.0,2.0,1.5,11.360544217687075,8.922254616132166,2.438289601554908,0.5346682494505566,108.12030336620407,0.14683900466016003,3538,0.8192030931538488,10210,1.512524127960205
404,404,0.8999999999999999,0.5,2.0,2.5,0.0,10209.0,10209.0,0.0,0.4658420732954035,101.03959619871806,0.12823604778234163,1,0.8492667822668971,10210,0.8543789386749268
405,405,0.8999999999999999,0.5,2.0,2.5,0.5,10.50596252129472,7.696763202725724,2.8091993185689947,0.5372954681308215,111.05854312028409,0.15492833904862394,4472,0.8088344511733763,10210,2.9042630195617676
406,406,0.8999999999999999,0.5,2.0,2.5,1.0,10.566265060240964,7.7865748709122204,2.7796901893287433,0.5371289628269039,110.80613701415639,0.15422491866701837,4392,0.8097052660469936,10210,1.9751217365264893
407,407,0.8999999999999999,0.5,2.0,2.5,1.5,10.625325238508239,7.855160450997398,2.7701647875108413,0.5368632266152773,110.68423555321688,0.15388576955445857,4347,0.8100317205094176,10210,1.5321977138519287
408,408,0.8999999999999999,0.5,2.5,2.0,0.0,10209.0,10209.0,0.0,0.4658420732954035,101.03959619871806,0.12823604778234163,1,0.8492667822668971,10210,0.873183012008667
409,409,0.8999999999999999,0.5,2.5,2.0,0.5,9.605580693815988,6.699849170437406,2.905731523378582,0.5418883993330441,112.8583182578936,0.15999045358053535,5179,0.8019343547961404,10210,3.2572689056396484
410,410,0.8999999999999999,0.5,2.5,2.0,1.0,9.669717772692602,6.787948131197559,2.881769641495042,0.5416509645211824,112.5921844534513,0.15923678888595796,5089,0.8029284408369455,10210,2.3498339653015137
411,411,0.8999999999999999,0.5,2.5,2.0,1.5,9.774517374517375,6.884169884169884,2.8903474903474904,0.54096984504941,112.50777750893491,0.1589981283993418,5038,0.8034387241494526,10210,1.6423213481903076
412,412,0.8999999999999999,0.5,2.5,2.5,0.0,10209.0,10209.0,0.0,0.4658420732954035,101.03959619871806,0.12823604778234163,1,0.8492667822668971,10210,0.8685688972473145
413,413,0.8999999999999999,0.5,2.5,2.5,0.5,9.109912339851652,5.884693189480783,3.22521915037087,0.5426878947217877,116.23252556836232,0.16970016706234062,6266,0.7888472209593267,10210,3.6263742446899414
414,414,0.8999999999999999,0.5,2.5,2.5,1.0,9.210309278350515,6.017182130584192,3.1931271477663232,0.5423177808848536,115.76268828944843,0.16833100953385838,6101,0.7908672592209518,10210,2.2433810234069824
415,415,0.8999999999999999,0.5,2.5,2.5,1.5,9.232428670842031,6.105080027835769,3.127348643006263,0.5426660902880643,115.18246394308467,0.16664782504930223,5931,0.7930782592707101,10210,1.7651629447937012
416,416,0.8999999999999999,1.0,2.0,2.0,0.0,10209.0,10209.0,0.0,0.4658420732954035,101.03959619871806,0.12823604778234163,1,0.8492667822668971,10210,0.8442630767822266
417,417,0.8999999999999999,1.0,2.0,2.0,0.5,11.357348703170029,8.807877041306437,2.549471661863593,0.5341851258646619,108.73361945598978,0.14850962806647322,3695,0.8171280686520377,10210,2.833401918411255
418,418,0.8999999999999999,1.0,2.0,2.0,1.0,11.405431619786615,8.903006789524733,2.5024248302618814,0.5341601801517427,108.43892290132727,0.14770571905892402,3611,0.8179679899633161,10210,2.520750045776367
419,419,0.8999999999999999,1.0,2.0,2.0,1.5,11.360544217687075,8.922254616132166,2.438289601554908,0.5346682494505566,108.12030336620407,0.14683900466016003,3538,0.8192030931538488,10210,2.2084619998931885
420,420,0.8999999999999999,1.0,2.0,2.5,0.0,10209.0,10209.0,0.0,0.4658420732954035,101.03959619871806,0.12823604778234163,1,0.8492667822668971,10210,1.0463500022888184
421,421,0.8999999999999999,1.0,2.0,2.5,0.5,10.50596252129472,7.696763202725724,2.8091993185689947,0.5372954681308215,111.05854312028409,0.15492833904862394,4472,0.8088344511733763,10210,2.9924497604370117
422,422,0.8999999999999999,1.0,2.0,2.5,1.0,10.566265060240964,7.7865748709122204,2.7796901893287433,0.5371289628269039,110.80613701415639,0.15422491866701837,4392,0.8097052660469936,10210,1.8802869319915771
423,423,0.8999999999999999,1.0,2.0,2.5,1.5,10.625325238508239,7.855160450997398,2.7701647875108413,0.5368632266152773,110.68423555321688,0.15388576955445857,4347,0.8100317205094176,10210,1.7552409172058105
424,424,0.8999999999999999,1.0,2.5,2.0,0.0,10209.0,10209.0,0.0,0.4658420732954035,101.03959619871806,0.12823604778234163,1,0.8492667822668971,10210,0.9090409278869629
425,425,0.8999999999999999,1.0,2.5,2.0,0.5,9.605580693815988,6.699849170437406,2.905731523378582,0.5418883993330441,112.8583182578936,0.15999045358053535,5179,0.8019343547961404,10210,3.2686750888824463
426,426,0.8999999999999999,1.0,2.5,2.0,1.0,9.669717772692602,6.787948131197559,2.881769641495042,0.5416509645211824,112.5921844534513,0.15923678888595796,5089,0.8029284408369455,10210,2.0663018226623535
427,427,0.8999999999999999,1.0,2.5,2.0,1.5,9.774517374517375,6.884169884169884,2.8903474903474904,0.54096984504941,112.50777750893491,0.1589981283993418,5038,0.8034387241494526,10210,1.637632131576538
428,428,0.8999999999999999,1.0,2.5,2.5,0.0,10209.0,10209.0,0.0,0.4658420732954035,101.03959619871806,0.12823604778234163,1,0.8492667822668971,10210,0.8630318641662598
429,429,0.8999999999999999,1.0,2.5,2.5,0.5,9.109912339851652,5.884693189480783,3.22521915037087,0.5426878947217877,116.23252556836232,0.16970016706234062,6266,0.7888472209593267,10210,3.625332832336426
430,430,0.8999999999999999,1.0,2.5,2.5,1.0,9.210309278350515,6.017182130584192,3.1931271477663232,0.5423177808848536,115.76268828944843,0.16833100953385838,6101,0.7908672592209518,10210,3.654176950454712
431,431,0.8999999999999999,1.0,2.5,2.5,1.5,9.232428670842031,6.105080027835769,3.127348643006263,0.5426660902880643,115.18246394308467,0.16664782504930223,5931,0.7930782592707101,10210,2.0579440593719482
432,432,0.8999999999999999,1.5,2.0,2.0,0.0,10209.0,10209.0,0.0,0.4658420732954035,101.03959619871806,0.12823604778234163,1,0.8492667822668971,10210,0.9395160675048828
433,433,0.8999999999999999,1.5,2.0,2.0,0.5,11.357348703170029,8.807877041306437,2.549471661863593,0.5341851258646619,108.73361945598978,0.14850962806647322,3695,0.8171280686520377,10210,2.600480079650879
434,434,0.8999999999999999,1.5,2.0,2.0,1.0,11.405431619786615,8.903006789524733,2.5024248302618814,0.5341601801517427,108.43892290132727,0.14770571905892402,3611,0.8179679899633161,10210,1.698174238204956
435,435,0.8999999999999999,1.5,2.0,2.0,1.5,11.360544217687075,8.922254616132166,2.438289601554908,0.5346682494505566,108.12030336620407,0.14683900466016003,3538,0.8192030931538488,10210,1.4465811252593994
436,436,0.8999999999999999,1.5,2.0,2.5,0.0,10209.0,10209.0,0.0,0.4658420732954035,101.03959619871806,0.12823604778234163,1,0.8492667822668971,10210,0.865825891494751
437,437,0.8999999999999999,1.5,2.0,2.5,0.5,10.50596252129472,7.696763202725724,2.8091993185689947,0.5372954681308215,111.05854312028409,0.15492833904862394,4472,0.8088344511733763,10210,2.997445821762085
438,438,0.8999999999999999,1.5,2.0,2.5,1.0,10.566265060240964,7.7865748709122204,2.7796901893287433,0.5371289628269039,110.80613701415639,0.15422491866701837,4392,0.8097052660469936,10210,1.87152099609375
439,439,0.8999999999999999,1.5,2.0,2.5,1.5,10.625325238508239,7.855160450997398,2.7701647875108413,0.5368632266152773,110.68423555321688,0.15388576955445857,4347,0.8100317205094176,10210,1.530975103378296
440,440,0.8999999999999999,1.5,2.5,2.0,0.0,10209.0,10209.0,0.0,0.4658420732954035,101.03959619871806,0.12823604778234163,1,0.8492667822668971,10210,0.858461856842041
441,441,0.8999999999999999,1.5,2.5,2.0,0.5,9.605580693815988,6.699849170437406,2.905731523378582,0.5418883993330441,112.8583182578936,0.15999045358053535,5179,0.8019343547961404,10210,3.12290096282959
442,442,0.8999999999999999,1.5,2.5,2.0,1.0,9.669717772692602,6.787948131197559,2.881769641495042,0.5416509645211824,112.5921844534513,0.15923678888595796,5089,0.8029284408369455,10210,2.054743766784668
443,443,0.8999999999999999,1.5,2.5,2.0,1.5,9.774517374517375,6.884169884169884,2.8903474903474904,0.54096984504941,112.50777750893491,0.1589981283993418,5038,0.8034387241494526,10210,1.6085820198059082
444,444,0.8999999999999999,1.5,2.5,2.5,0.0,10209.0,10209.0,0.0,0.4658420732954035,101.03959619871806,0.12823604778234163,1,0.8492667822668971,10210,0.8490171432495117
445,445,0.8999999999999999,1.5,2.5,2.5,0.5,9.109912339851652,5.884693189480783,3.22521915037087,0.5426878947217877,116.23252556836232,0.16970016706234062,6266,0.7888472209593267,10210,3.6847190856933594
446,446,0.8999999999999999,1.5,2.5,2.5,1.0,9.210309278350515,6.017182130584192,3.1931271477663232,0.5423177808848536,115.76268828944843,0.16833100953385838,6101,0.7908672592209518,10210,2.2197439670562744
447,447,0.8999999999999999,1.5,2.5,2.5,1.5,9.232428670842031,6.105080027835769,3.127348643006263,0.5426660902880643,115.18246394308467,0.16664782504930223,5931,0.7930782592707101,10210,1.7359628677368164
448,448,0.8999999999999999,2.0,2.0,2.0,0.0,10209.0,10209.0,0.0,0.4658420732954035,101.03959619871806,0.12823604778234163,1,0.8492667822668971,10210,0.8561708927154541
449,449,0.8999999999999999,2.0,2.0,2.0,0.5,11.357348703170029,8.807877041306437,2.549471661863593,0.5341851258646619,108.73361945598978,0.14850962806647322,3695,0.8171280686520377,10210,3.042809009552002
450,450,0.8999999999999999,2.0,2.0,2.0,1.0,11.405431619786615,8.903006789524733,2.5024248302618814,0.5341601801517427,108.43892290132727,0.14770571905892402,3611,0.8179679899633161,10210,1.7256379127502441
451,451,0.8999999999999999,2.0,2.0,2.0,1.5,11.360544217687075,8.922254616132166,2.438289601554908,0.5346682494505566,108.12030336620407,0.14683900466016003,3538,0.8192030931538488,10210,1.434983730316162
452,452,0.8999999999999999,2.0,2.0,2.5,0.0,10209.0,10209.0,0.0,0.4658420732954035,101.03959619871806,0.12823604778234163,1,0.8492667822668971,10210,0.8641881942749023
453,453,0.8999999999999999,2.0,2.0,2.5,0.5,10.50596252129472,7.696763202725724,2.8091993185689947,0.5372954681308215,111.05854312028409,0.15492833904862394,4472,0.8088344511733763,10210,3.0180470943450928
454,454,0.8999999999999999,2.0,2.0,2.5,1.0,10.566265060240964,7.7865748709122204,2.7796901893287433,0.5371289628269039,110.80613701415639,0.15422491866701837,4392,0.8097052660469936,10210,1.9394676685333252
455,455,0.8999999999999999,2.0,2.0,2.5,1.5,10.625325238508239,7.855160450997398,2.7701647875108413,0.5368632266152773,110.68423555321688,0.15388576955445857,4347,0.8100317205094176,10210,1.5877068042755127
456,456,0.8999999999999999,2.0,2.5,2.0,0.0,10209.0,10209.0,0.0,0.4658420732954035,101.03959619871806,0.12823604778234163,1,0.8492667822668971,10210,0.8528549671173096
457,457,0.8999999999999999,2.0,2.5,2.0,0.5,9.605580693815988,6.699849170437406,2.905731523378582,0.5418883993330441,112.8583182578936,0.15999045358053535,5179,0.8019343547961404,10210,3.249393939971924
458,458,0.8999999999999999,2.0,2.5,2.0,1.0,9.669717772692602,6.787948131197559,2.881769641495042,0.5416509645211824,112.5921844534513,0.15923678888595796,5089,0.8029284408369455,10210,1.9820263385772705
459,459,0.8999999999999999,2.0,2.5,2.0,1.5,9.774517374517375,6.884169884169884,2.8903474903474904,0.54096984504941,112.50777750893491,0.1589981283993418,5038,0.8034387241494526,10210,1.8273439407348633
460,460,0.8999999999999999,2.0,2.5,2.5,0.0,10209.0,10209.0,0.0,0.4658420732954035,101.03959619871806,0.12823604778234163,1,0.8492667822668971,10210,0.8739330768585205
461,461,0.8999999999999999,2.0,2.5,2.5,0.5,9.109912339851652,5.884693189480783,3.22521915037087,0.5426878947217877,116.23252556836232,0.16970016706234062,6266,0.7888472209593267,10210,3.8897597789764404
462,462,0.8999999999999999,2.0,2.5,2.5,1.0,9.210309278350515,6.017182130584192,3.1931271477663232,0.5423177808848536,115.76268828944843,0.16833100953385838,6101,0.7908672592209518,10210,2.2507619857788086
463,463,0.8999999999999999,2.0,2.5,2.5,1.5,9.232428670842031,6.105080027835769,3.127348643006263,0.5426660902880643,115.18246394308467,0.16664782504930223,5931,0.7930782592707101,10210,1.9471380710601807
464,464,0.8999999999999999,2.5,2.0,2.0,0.0,10209.0,10209.0,0.0,0.4658420732954035,101.03959619871806,0.12823604778234163,1,0.8492667822668971,10210,0.8548469543457031
465,465,0.8999999999999999,2.5,2.0,2.0,0.5,11.357348703170029,8.807877041306437,2.549471661863593,0.5341851258646619,108.73361945598978,0.14850962806647322,3695,0.8171280686520377,10210,2.517932176589966
466,466,0.8999999999999999,2.5,2.0,2.0,1.0,11.405431619786615,8.903006789524733,2.5024248302618814,0.5341601801517427,108.43892290132727,0.14770571905892402,3611,0.8179679899633161,10210,1.7232720851898193
467,467,0.8999999999999999,2.5,2.0,2.0,1.5,11.360544217687075,8.922254616132166,2.438289601554908,0.5346682494505566,108.12030336620407,0.14683900466016003,3538,0.8192030931538488,10210,1.4089229106903076
468,468,0.8999999999999999,2.5,2.0,2.5,0.0,10209.0,10209.0,0.0,0.4658420732954035,101.03959619871806,0.12823604778234163,1,0.8492667822668971,10210,0.9072408676147461
469,469,0.8999999999999999,2.5,2.0,2.5,0.5,10.50596252129472,7.696763202725724,2.8091993185689947,0.5372954681308215,111.05854312028409,0.15492833904862394,4472,0.8088344511733763,10210,2.9719738960266113
470,470,0.8999999999999999,2.5,2.0,2.5,1.0,10.566265060240964,7.7865748709122204,2.7796901893287433,0.5371289628269039,110.80613701415639,0.15422491866701837,4392,0.8097052660469936,10210,1.9053308963775635
471,471,0.8999999999999999,2.5,2.0,2.5,1.5,10.625325238508239,7.855160450997398,2.7701647875108413,0.5368632266152773,110.68423555321688,0.15388576955445857,4347,0.8100317205094176,10210,1.530348777770996
472,472,0.8999999999999999,2.5,2.5,2.0,0.0,10209.0,10209.0,0.0,0.4658420732954035,101.03959619871806,0.12823604778234163,1,0.8492667822668971,10210,0.8649890422821045
473,473,0.8999999999999999,2.5,2.5,2.0,0.5,9.605580693815988,6.699849170437406,2.905731523378582,0.5418883993330441,112.8583182578936,0.15999045358053535,5179,0.8019343547961404,10210,3.1025960445404053
474,474,0.8999999999999999,2.5,2.5,2.0,1.0,9.669717772692602,6.787948131197559,2.881769641495042,0.5416509645211824,112.5921844534513,0.15923678888595796,5089,0.8029284408369455,10210,2.02468204498291
475,475,0.8999999999999999,2.5,2.5,2.0,1.5,9.774517374517375,6.884169884169884,2.8903474903474904,0.54096984504941,112.50777750893491,0.1589981283993418,5038,0.8034387241494526,10210,1.6214687824249268
476,476,0.8999999999999999,2.5,2.5,2.5,0.0,10209.0,10209.0,0.0,0.4658420732954035,101.03959619871806,0.12823604778234163,1,0.8492667822668971,10210,0.8560178279876709
477,477,0.8999999999999999,2.5,2.5,2.5,0.5,9.109912339851652,5.884693189480783,3.22521915037087,0.5426878947217877,116.23252556836232,0.16970016706234062,6266,0.7888472209593267,10210,3.758882999420166
478,478,0.8999999999999999,2.5,2.5,2.5,1.0,9.210309278350515,6.017182130584192,3.1931271477663232,0.5423177808848536,115.76268828944843,0.16833100953385838,6101,0.7908672592209518,10210,2.2289421558380127
479,479,0.8999999999999999,2.5,2.5,2.5,1.5,9.232428670842031,6.105080027835769,3.127348643006263,0.5426660902880643,115.18246394308467,0.16664782504930223,5931,0.7930782592707101,10210,1.8087730407714844
